"Salary_Cap_Perc","pts","rookie_contract","drb","age","bird_rights","g","tov","US_Player","ft_pct","stl","ast","blk","ts_pct","pos_PG","fta","ws","vorp","orb","orb_pct","ast_pct","blk_pct","pos_PF"
0.017485529,5.2,1,0.8,23,0,51,0.9,1,0.857,0.3,1.7,0.1,0.535,1,1,1.4,0.3,0.3,2.5,23.5,0.6,0
0.007678645,4.3,1,1.6,23,0,61,0.9,1,0.566,0.3,0.7,0.3,0.529,0,1.6,0.8,-0.2,1.1,12.5,11.4,2,0
0.012125375,3.5,1,2.4,24,0,56,0.7,1,0.576,0.3,0.8,0.3,0.508,0,1.1,1.3,-0.2,1.5,13.5,9.6,1.8,0
0.034641021,4.2,1,0.8,23,0,56,1,1,0.792,0.5,2,0,0.455,1,0.9,-0.1,-0.7,0.2,1.6,20.4,0,0
0.035304703,2.9,1,0.9,24,0,55,0.5,1,0.817,0.2,1.6,0.1,0.49,1,1.1,0.7,-0.1,0.1,1.3,23.4,0.4,0
0.070879346,4,1,1.2,24,0,52,0.6,1,0.739,0.2,0.8,0.1,0.448,0,0.4,0,-0.5,0.3,3.1,9.4,0.5,0
0.067334172,10.1,1,6.6,21,0,81,1.7,0,0.731,0.7,1.5,0.9,0.539,0,2.6,5.5,0.3,3.1,11.4,7.9,2.2,0
0.068621677,11.5,1,7.1,22,0,67,1.5,0,0.727,0.8,2.4,1.4,0.565,0,3.1,6.8,2.1,2.2,7.6,11.9,3.3,0
0.032077502,6.7,1,2.7,20,0,71,0.9,1,0.63,0.3,0.3,0.8,0.554,0,1.9,2.7,-0.1,1.7,13.5,3.9,3.9,1
0.030562424,7.9,1,3.4,21,0,59,1.1,1,0.642,0.5,0.5,0.8,0.53,0,2.3,2.3,0,1.6,11.4,5,3.3,1
0.187457396,23.1,0,7.5,24,0,50,1.8,1,0.738,0.8,1.6,1.7,0.532,0,5,4.9,2.1,3.4,10.6,8.8,3.5,0
0.02970124,12.7,1,3.3,24,0,79,1.6,1,0.743,0.6,1.2,0.5,0.504,0,3.6,1.1,-0.8,1.2,5.2,8.4,1.5,1
0.030269939,16.8,1,3.5,25,0,71,1.8,1,0.754,0.8,1.5,0.9,0.502,0,4.4,1.3,-1.4,1.7,5.2,6.9,1.7,0
0.008055798,5.8,1,1.3,23,0,36,0.9,1,0.805,0.3,0.9,0.1,0.52,0,1.1,0.4,-0.2,0.6,4.4,9.3,0.6,0
0.001922104,5.8,0,1.2,24,0,17,1.3,1,0.826,0.4,1.2,0,0.538,0,1.4,0.1,-0.2,0.6,4.9,13.8,0,0
0.016752112,3.7,0,0.7,23,0,6,0,1,0.833,0,0,0.2,0.446,0,1,0,-0.1,0.7,10.2,0,1.4,0
0.01707362,4.6,0,0.4,24,0,30,0.5,1,0.788,0.2,0.4,0,0.509,0,1.1,0.2,-0.2,0.6,8.2,6.4,0.3,0
0.012357649,4.2,0,1.4,24,0,43,1,1,0.687,0.3,0.3,0.2,0.554,0,1.9,0.2,-0.6,0.7,6.9,4,1.5,1
0.021750511,2.3,0,0.7,20,0,31,0.4,0,0.714,0.2,0.1,0.2,0.43,0,0.9,-0.1,-0.3,0.3,6.2,2.8,2.7,1
0.046323228,26,1,6.2,22,0,80,2.4,1,0.733,1,1.6,1.6,0.617,0,9.9,14.6,4.7,2.7,8.5,7.7,3,0
0.052303495,8.7,1,3.3,23,0,3,0.3,1,0.889,0.3,0.7,1,0.42,0,3,0.1,0,2,13.6,5.9,4.2,0
0.234402936,20.4,0,6.9,24,0,82,2.8,1,0.781,1,1,1.3,0.637,0,7.1,11.2,2.6,2.7,10.1,5,2.9,0
0.247398436,25.2,0,6.8,25,0,79,2.2,1,0.805,0.8,1.5,2.1,0.656,0,8.7,14.6,4.6,2.3,8.2,7.5,4,0
0.256826005,21.4,0,5.9,26,0,53,2.8,1,0.835,0.9,2,1.1,0.617,0,7.3,6.1,1.8,2.2,7.2,8.3,2.1,1
0.008055798,6.7,1,0.3,18,0,3,1.3,1,1,0,1,0.7,0.85,0,1.3,0.2,0,1,9,13.4,3.7,0
0.012500405,5.9,1,2.8,19,0,8,1.1,1,0.786,0.6,0.4,1.6,0.6,0,1.8,0.5,0.1,1.9,14.4,4.1,8.1,1
0.065911666,3.6,0,2.4,20,1,62,0.6,1,0.673,0.4,0.5,1.3,0.584,0,0.9,3,0.6,1.4,13.5,5.9,8.5,1
0.062485804,3.5,0,2.1,21,1,62,0.5,1,0.657,0.3,0.3,1,0.608,0,0.6,2.7,0.1,1.6,13.1,3.4,5.1,1
0.017962161,4.9,0,2.7,22,0,54,0.5,0,0.535,0.8,0.5,0.7,0.534,0,2.4,3,0.5,2,14.6,4.9,3.3,1
0.017511111,4.6,0,3.3,23,0,48,0.6,0,0.513,0.6,0.4,0.4,0.541,0,2.5,2.3,0.2,1.6,11.9,4,1.9,0
0.01779618,6.8,0,4.4,24,0,81,0.8,0,0.616,0.9,0.9,0.6,0.527,0,3.3,6.6,1,2.4,11.2,6,2.1,0
0.098576687,8.6,0,5.1,26,0,81,1,0,0.616,0.9,1,0.8,0.565,0,3.1,8,1.5,2,8.9,5.4,2.3,1
0.012500405,3.7,1,2,20,0,56,0.9,1,0.612,0.3,0.7,0.6,0.471,0,0.9,0.5,-0.3,1.4,12.6,8.8,3.6,1
0.044400503,7.5,0,3.2,21,0,82,1.4,1,0.695,0.6,1.1,1.4,0.512,0,1.9,3,0.1,2,11.2,9.2,5.7,1
0.046688292,10,0,3.5,22,0,71,1.6,1,0.704,0.7,1.7,1,0.508,0,2.3,1.4,0,1.8,8.5,11.8,3.5,0
0.012790167,3,0,1.7,26,0,33,0.4,1,0.449,0.2,0.2,0.1,0.502,0,1.5,0.4,-0.2,1.1,14.4,4.4,1,1
0.008782243,0.9,0,0.3,22,0,8,0.1,1,0.6,0,0,0,0.427,0,0.6,0,-0.1,0,0,0,0,0
0.043639845,9,1,4.6,21,0,82,1.7,1,0.743,1.7,3,0.6,0.58,0,2.6,6.6,2.3,1.1,3.7,14.3,1.4,0
0.041575758,12.3,1,4.4,22,0,82,1.9,1,0.754,1.6,3.1,0.3,0.598,0,4.3,7.5,2,1.4,4.4,12.9,0.5,0
0.041434836,18.2,1,4.7,23,0,76,3.4,1,0.82,2,5.7,0.4,0.562,0,7.3,7.7,3.4,1,3,23.8,0.8,0
0.050420439,19.9,1,4.4,24,0,82,2.6,1,0.721,2.1,4.8,0.6,0.543,0,6.2,9.6,4.9,1,3.1,20.3,1.2,0
0.19256987,18.8,0,4.6,25,0,82,2.7,1,0.724,1.6,5.3,0.4,0.56,0,6.4,9.2,4.3,1.1,3.3,22.4,0.9,0
0.167920378,13.6,0,2.9,28,0,82,2.7,1,0.838,1.5,6.9,0.1,0.541,1,3.7,7,2,1.2,4.1,32.2,0.2,0
0.163636364,13.7,0,3.2,29,0,82,3.1,1,0.738,1.3,8.2,0.2,0.532,1,5.2,6.2,1.7,1.1,3.7,36.2,0.5,0
0.164361212,13.4,0,3.2,30,0,80,2.8,1,0.784,1.4,7.8,0.1,0.52,1,3.5,5.9,1.7,1.2,3.9,34.3,0.3,0
0.168374366,17,0,2.8,31,0,82,2.5,1,0.772,1.3,6.9,0.1,0.537,1,4.1,8.3,2.9,1.2,3.7,32,0.2,0
0.176096353,16.3,0,3,32,0,82,2.4,1,0.826,1.3,6.5,0.2,0.548,1,5,8.8,3.3,1.5,4.9,30.2,0.4,0
0.084712525,11.6,1,3.1,21,0,65,1.6,0,0.824,0.5,0.8,0.8,0.546,0,2.2,1.9,0.1,0.8,3.7,5.1,2.5,1
0.086983282,10.2,1,3.1,22,0,78,1.1,0,0.84,0.3,1.1,0.5,0.495,0,2.2,1.4,-0.8,0.6,3.2,7.4,1.6,1
0.088214724,15.4,1,4.4,23,0,78,1.7,0,0.831,0.4,1.2,1.2,0.559,0,3.4,3.9,0.7,0.9,3.4,6.4,3.1,1
0.232690317,8.3,0,3.4,25,0,70,1.9,0,0.728,1.1,2.9,2.1,0.558,0,3.4,4.4,3,1.3,5.2,14.5,5.8,0
0.246899155,11,0,3,26,0,72,1.9,0,0.77,1.2,4,1.5,0.603,0,3.6,7.1,4,1.7,6.7,18.2,4,0
0.25743013,11.6,0,3.5,27,0,67,1.8,0,0.785,1.2,2.6,1.1,0.549,0,4.6,4.6,2.2,1.3,5.5,14.7,3.3,1
0.057556417,8.4,0,3.9,25,0,81,1.7,0,0.766,0.5,1.5,0.4,0.484,0,2.7,2.5,0,0.9,4.1,10.9,1.3,0
0.056060606,13,0,5,26,0,82,1.5,0,0.843,0.5,1.4,0.6,0.567,0,3,6.7,2.1,1.1,4.6,9,1.8,1
0.074338948,14.1,0,4.9,27,0,53,2,0,0.848,0.5,1.1,0.5,0.578,0,2.7,4.1,1,0.8,3.4,7,1.3,1
0.152795254,13.2,0,3.6,28,0,82,1.6,0,0.807,0.3,1.2,0.5,0.549,0,3,3.3,0.6,0.6,2.6,8.3,1.7,0
0.136332652,11.4,0,4,29,0,76,1.5,0,0.792,0.5,1.3,0.4,0.555,0,2.4,2.8,0,0.7,3.1,8.3,1.2,1
0.087687273,9.4,1,4.7,21,0,82,1.5,0,0.629,0.6,2.3,0.8,0.555,0,2.4,5.5,1.4,2.3,9.4,13.4,2.3,1
0.087813306,12.3,1,6.3,22,0,66,2.3,0,0.577,0.7,3,0.5,0.566,0,2.9,4,1.2,2.5,8.7,13.9,1.2,0
0.089727126,14.3,1,6.6,23,0,78,2.2,0,0.587,0.8,2.6,1.7,0.532,0,4.1,4.8,1.4,3.1,10.2,12.4,3.9,0
0.038155152,1.6,1,1,18,0,46,0.4,1,0.296,0.1,0.2,0.5,0.394,0,0.6,0.1,-0.4,0.7,11.9,4.1,5,0
0.039043681,13.1,1,7.2,20,0,35,1.5,1,0.695,0.3,1.7,2.1,0.659,0,3.4,4.8,1.6,3,12.1,9.6,5.1,0
0.047193252,14.3,1,5.2,21,0,50,1.7,1,0.707,0.4,1.4,1.8,0.598,0,4.3,5.5,1.1,2.7,10.8,7.7,4.8,0
0.039383633,3.6,0,2.4,18,0,30,0.4,0,0.475,0.4,0.4,0.8,0.57,0,1.3,1.2,0,1.6,12.7,4.9,4.4,0
0.037522424,3.8,0,2.3,19,0,68,0.5,0,0.306,0.3,0.4,0.7,0.595,0,1.1,2.9,0.1,1.8,13.5,3.9,3.5,0
0.047397016,10.5,0,6.4,21,0,76,1.1,0,0.62,0.7,1,1.2,0.637,0,2.5,8,1.6,3.4,12.7,5.2,3.3,0
0.018407705,2.7,0,0.9,29,0,66,0.9,1,0.686,0.5,2.4,0.3,0.454,1,0.8,0.5,0,0.2,1.9,32.2,1.7,0
0.019831476,7.8,0,2.5,32,0,70,1.8,1,0.753,1.5,5.5,0.4,0.531,1,1.2,3.8,1,0.4,1.5,27.4,1,0
0.019555777,5.3,0,2.1,33,0,78,2,1,0.731,1.2,4.7,0.2,0.49,1,1,1.8,0.3,0.5,2.7,29.9,0.6,0
0.007534322,10.1,1,1.8,23,0,67,0.8,1,0.87,0.5,1.2,0.2,0.588,0,1.4,3,0.7,1.2,5.6,8.2,0.5,0
0.029128834,7.9,1,3.7,19,0,63,1.3,0,0.716,0.7,0.8,1.2,0.506,0,2.2,1.6,-0.1,2,12.4,6.8,4.5,1
0.008055798,2.2,0,0.4,22,0,16,0.2,1,1,0.1,0.3,0,0.549,1,0.1,0.2,0,0,0,10.7,0,0
0.005027026,5.6,0,1,23,0,20,0.7,1,0.667,0.6,0.5,0,0.527,1,0.2,0.1,0,0.1,0.9,7,0,0
0.013592042,4.1,0,0.6,25,0,29,0.3,1,1,0.3,0.7,0,0.487,1,0.2,0.2,0,0.2,2.4,11.3,0.3,0
0.029522424,1.8,0,0.6,21,0,39,0.5,1,0.5,0.1,0.3,0.1,0.386,0,0.6,-0.5,-0.6,0.2,2.5,5.2,0.7,0
0.030210318,6.3,0,1.9,23,0,56,0.9,1,0.687,0.5,1.4,0.4,0.488,0,1.2,0.8,-0.3,0.7,3.8,10.5,1.3,0
0.030674847,7.3,0,1.6,24,0,65,0.8,1,0.747,0.7,1.2,0.4,0.501,0,1.5,1.4,-0.6,0.5,2.3,7.4,1.3,0
0.016978609,3.7,1,1.3,22,0,75,0.5,1,0.782,0.4,0.7,0.1,0.494,0,1.2,1.9,0.1,0.5,4.4,8.1,0.7,0
0.017304703,4.9,1,1.4,23,0,74,0.6,1,0.817,0.4,0.6,0.2,0.548,0,1,1.8,-0.2,0.4,2.8,5.5,0.8,0
0.28105767,19.2,0,3.1,25,1,46,2.8,1,0.761,1.8,7.9,0.3,0.515,1,5.3,4.4,2.4,0.7,2.2,42,0.7,0
0.276767677,17.9,0,3.5,26,1,54,2.9,1,0.675,1.6,8.9,0.3,0.489,1,5.4,4.4,2.3,0.8,2.5,42.6,0.5,0
0.283617201,20.1,0,3.6,27,1,63,3.1,1,0.745,2.1,8.1,0.5,0.53,1,5.9,6.4,3.2,0.8,2.5,36.9,1,0
0.295523998,21.8,0,3.5,28,1,82,2.8,1,0.75,2.3,7.6,0.5,0.523,1,5.2,8.7,4.5,1.2,3.1,29.7,1,0
0.07655163,15.1,1,2,21,0,82,2.3,0,0.863,0.6,2,0.1,0.526,0,3.3,3.5,1.4,0.7,3.1,16.3,0.4,0
0.072684295,21.4,1,2.7,23,0,82,3,0,0.864,0.8,3.6,0.2,0.572,0,5.4,8.6,3,0.4,1.5,20.1,0.5,0
0.087752454,18.6,1,2.5,24,0,72,2.1,0,0.908,0.8,3,0.1,0.558,0,4.1,5.1,1.7,0.6,1.9,16.9,0.3,0
0.018278788,5.1,1,0.6,23,0,54,1,0,0.78,0.3,1.7,0,0.539,1,0.9,1.3,0.1,0.3,3.7,27.3,0.2,0
0.018216242,4.7,1,1,24,0,73,0.8,0,0.883,0.4,1.7,0,0.459,1,0.8,1,-0.2,0.2,1.5,20.6,0.1,0
0.095177232,11,0,2.4,26,0,73,2.2,0,0.82,1.1,4.7,0.2,0.525,1,2.1,1.2,-0.6,0.6,2.4,24.7,0.4,0
0.002139775,2.7,0,0.3,24,0,3,0.3,1,1,0.3,0.7,0,0.581,1,0.7,0.1,0,0,0,16,0,0
0.007534322,5.3,0,0.6,24,0,68,0.9,1,0.791,0.3,1.7,0,0.476,1,0.6,-0.6,-0.7,0.2,1.7,20.9,0.2,0
0.018805562,16.4,0,4.2,24,0,75,1.8,1,0.846,1.4,2.7,0.2,0.54,0,3.6,6.8,1.9,1.7,5.7,13.1,0.4,0
0.161616162,13.4,0,3.2,25,0,75,1.6,1,0.825,1.1,2.3,0.3,0.559,0,2.7,5.3,1.5,1.2,4.2,11.2,0.7,0
0.166816466,7.6,0,2.3,27,0,70,1.1,1,0.757,0.7,1.1,0.1,0.504,0,1,0.7,-0.4,1,5,8.4,0.3,0
0.025020287,4.8,1,1.8,22,0,66,1.3,0,0.74,0.6,2.3,0.3,0.479,0,1.2,0.1,-0.4,0.8,5,19.5,1.2,0
0.035202804,9.7,1,3.1,24,0,73,2.1,0,0.683,0.4,4.8,0.5,0.57,0,1.6,4.6,1.4,1.2,4.9,21.7,1.2,1
0.16178321,8.8,0,3.4,25,0,82,1.9,0,0.744,0.7,3.9,0.5,0.516,0,1.6,3,0.7,1.2,5.2,19,1.1,1
0.153374233,13.2,0,3.9,26,0,81,2.7,0,0.687,0.8,4.1,0.7,0.565,0,1.8,4.7,2.2,1.5,5.3,21.2,1.6,1
0.034052428,7,0,2.2,24,0,71,1,0,0.829,0.4,1,0.2,0.534,0,1.6,1.7,-0.1,0.3,2.1,9.8,1,1
0.047049967,9.2,0,3,26,0,76,0.9,0,0.805,0.4,0.8,0.3,0.614,0,2.2,4.1,0.9,0.4,2.1,6.8,1.3,0
0.041759482,4,1,1.6,20,0,38,0.3,1,0.675,0.2,0.2,0.6,0.583,0,1.1,1.1,0.2,1,10.4,3.4,4.3,1
0.042558282,8.3,1,2.4,21,0,39,0.6,1,0.741,0.6,0.5,0.9,0.57,0,2.2,1.9,0.4,1.6,9.8,4.9,3.7,1
0.012500405,2,1,1.4,21,0,21,0.5,1,0.75,0.1,0.1,0.1,0.411,0,0.8,0,-0.1,0.6,9.1,2.8,1.5,1
0.013852418,8.3,0,2.9,22,0,79,1,1,0.822,0.3,0.7,0.6,0.564,0,2.5,4.3,0.6,1.5,9.2,6.1,2.3,0
0.01408093,8.5,0,2.9,23,0,81,1.1,1,0.867,0.3,0.5,0.7,0.571,0,2.6,4.1,0.2,1.6,9.5,4.3,2.6,0
0.050472946,16.8,1,3.4,22,0,57,2,1,0.838,1.2,4,0.2,0.548,0,4.2,4.8,2,1,3.5,20.9,0.4,0
0.051826712,19.1,1,3.6,23,0,74,1.8,1,0.753,1.1,5.8,0.2,0.531,0,5,8,3.6,1.1,3.4,28.2,0.4,0
0.052560327,22.6,0,3.4,24,0,78,1.9,1,0.824,1.1,5.1,0.3,0.573,0,6.5,13.5,6,1.3,4.4,25.4,0.6,0
0.030660532,8.1,1,2.7,23,0,75,1,1,0.697,0.5,0.9,0.5,0.505,0,0.9,0.9,-0.3,0.5,2.1,5.4,1.5,0
0.039555619,9.4,1,3.9,25,0,68,1.4,1,0.609,0.8,0.8,1.7,0.588,0,3.8,5.2,0.9,3,11.8,4.9,4.5,0
0.080808081,7.3,0,3.4,26,0,79,1.2,1,0.585,0.4,0.6,1.3,0.542,0,2.8,3.9,0.2,2.5,12,3.9,4.3,0
0.084689941,6.6,0,3.7,27,0,77,1.2,1,0.548,0.4,0.6,1.1,0.571,0,2.7,3.4,0.1,2.5,12.5,4.1,3.9,0
0.089879561,10.6,0,3.8,28,0,80,1.4,1,0.735,0.4,0.9,1.7,0.582,0,3.7,6.8,1,3.4,14,5.2,5,0
0.093728698,9.7,0,5.2,29,0,6,1.5,1,0.476,0.7,1.3,2.5,0.49,0,3.5,0.2,0,2.2,8.5,7.3,7,0
0.108955556,3.4,0,1.2,28,0,36,0.8,1,0.704,0.6,0.9,0,0.505,0,0.8,0.6,-0.1,0.3,3.4,14.2,0,1
0.101627929,4.5,0,1.6,29,0,28,0.8,1,0.926,0.8,1.1,0,0.655,0,1,0.9,0.5,0.5,5,16.1,0.2,1
0.105159087,3.4,0,1.9,30,0,37,0.6,1,0.684,0.3,0.6,0.1,0.461,0,0.5,0,-0.4,0.7,6.6,7.4,0.3,1
0.107361963,3,0,1.6,31,0,64,0.8,1,0.857,0.6,1.2,0.2,0.515,0,0.5,0.9,-0.1,0.6,4.8,12.3,1.1,1
0.022137224,6.4,1,2.1,24,0,72,0.4,1,0.757,0.3,0.5,0.4,0.522,0,0.5,2,0.4,0.9,6.6,5.7,1.8,0
0.020989091,7.9,1,2.3,25,0,81,0.8,1,0.832,0.5,0.9,0.4,0.578,0,1.2,4.5,0.7,1.1,6.8,8.3,1.6,1
0.059645535,2.5,0,0.8,28,0,30,0.4,1,0.833,0.1,0.2,0.1,0.47,0,0.2,0,-0.2,0.2,4.8,5.1,1.3,1
0.020515158,6.3,0,3,26,0,54,1.2,1,0.768,0.6,1.6,0.3,0.468,0,1.3,1.4,0.1,1.5,8.4,13,1.3,1
0.052246606,2.9,0,1.2,27,0,71,0.7,1,0.722,0.3,0.7,0.3,0.491,0,0.5,0.3,-0.4,0.4,3.6,8.2,1.5,1
0.052566162,4,0,1.5,28,0,54,0.8,1,0.783,0.4,1.1,0.3,0.537,0,0.4,0.9,-0.2,0.4,2.7,8.9,1.4,1
0.053927737,1.8,0,1.2,29,0,48,0.5,1,0.75,0.2,0.8,0.2,0.428,0,0.4,0.6,-0.1,0.5,5.4,11.2,1.3,1
0.054650596,3.5,0,1.1,30,0,39,0.3,1,0.889,0.2,0.5,0.3,0.558,0,0.5,1.1,0.1,0.2,1.8,5.3,1.6,0
0.008055798,3.4,1,0.9,18,0,23,0.4,1,0.75,0.3,0.7,0.1,0.456,1,1,0.3,0,0.8,10.7,14.3,0.8,0
0.013852418,5,0,1,20,0,60,0.5,1,0.788,0.5,0.9,0.1,0.574,0,0.9,1.9,0.5,0.3,2.9,11.5,0.9,0
0.063053851,9.1,0,1.7,21,0,72,0.9,1,0.876,0.6,1.5,0.2,0.546,0,1.2,2.9,0.2,0.6,3.3,10.4,0.7,0
0.012125375,9.5,0,2,24,0,77,1.2,1,0.87,1.2,2.7,0.1,0.564,1,2.5,3.3,0.7,0.5,2.3,16.2,0.1,0
0.007678645,8.1,1,2.6,24,0,42,0.6,1,0.661,0.4,0.5,0.2,0.641,0,2.6,3.7,0.6,2.3,15.5,5.2,0.7,1
0.051124744,9.2,0,3.2,25,0,69,1,1,0.813,0.4,0.6,0.4,0.634,0,2.8,5.9,1,1.8,10.3,4.6,1.5,1
0.091178482,6.6,0,1.1,25,0,70,1.5,0,0.799,0.6,4,0.1,0.466,1,2.1,1.3,-0.3,0.4,2.1,32.3,0.2,0
0.077161946,7.7,0,1.4,27,0,72,1.3,0,0.795,0.5,2.8,0,0.501,1,2.3,2.5,0.4,0.4,3,27.1,0.1,0
0.07370124,6.9,0,1.7,28,0,62,1.2,0,0.853,0.4,3.5,0,0.547,1,1.6,2.8,0.3,0.2,0.9,26.6,0.1,0
0.25,17.8,0,6.2,23,0,51,2.7,0,0.698,0.8,2.8,0.5,0.56,0,5.3,4.1,1.5,2.8,9.6,15.9,1.1,1
0.234218505,16.3,0,6.4,24,0,33,2.1,0,0.723,0.9,2.7,0.2,0.585,0,4.2,3.5,1.1,2.2,8.6,18,0.6,1
0.211922142,20.9,0,8.5,25,0,74,2.6,0,0.685,0.9,3,0.3,0.588,0,5,9.9,4.3,3.2,11.2,16.6,0.7,1
0.202417455,21.1,0,8,26,0,81,2.6,0,0.738,1.2,2.9,0.5,0.581,0,4.9,10.2,3.5,2.4,8.6,14.2,1.2,1
0.197576977,16.2,0,7.4,27,0,37,2.1,0,0.698,1.1,2.1,0.2,0.523,0,3.8,2.6,0.4,3,11.1,11.4,0.5,1
0.020558924,3.9,1,1.4,22,0,30,0.8,0,0.575,0.7,1.3,0.2,0.431,0,1.3,0.5,-0.1,0.4,3.3,13.3,1,0
0.019521596,5.2,1,2.4,24,0,82,0.7,0,0.787,0.6,1.1,0.1,0.515,0,1.1,2.9,0.7,0.8,5.8,10.2,0.5,0
0.033581539,9,1,3.6,25,0,82,0.9,0,0.744,0.8,1.8,0.1,0.527,0,1.9,4,1.2,0.8,4,11.3,0.5,0
0.079128334,20.8,1,3.8,20,0,75,3,1,0.796,0.9,2.6,0.4,0.526,0,7.6,4.9,0.5,1.9,6.3,13.1,0.9,0
0.08834179,28.9,1,3.8,22,0,65,3.6,1,0.808,1.2,3.8,0.4,0.552,0,8.7,7.3,2.5,2.2,6.6,19.2,0.7,0
0.234428366,25.7,0,5.1,23,1,77,3.3,1,0.786,1.3,3.4,0.5,0.568,0,7.7,8.2,2.5,2.3,7,16.1,1,0
0.24557909,22.8,0,5.2,24,1,66,3,1,0.793,1.1,3.4,0.4,0.532,0,7.1,5,1.5,1.6,5.6,18.1,0.8,0
0.049729636,17.6,1,4.7,25,0,75,2.3,1,0.87,1.7,2.5,0.2,0.535,0,4.4,6.3,1.7,1.5,4.8,12.1,0.5,0
0.003412611,2.6,0,0.8,24,0,33,0.3,1,0.8,0.2,0.4,0.1,0.489,0,0.8,0.4,-0.1,0.2,3.3,8,1.2,0
0.043756469,9.5,1,4.2,23,0,72,1.4,1,0.787,0.5,0.9,0.6,0.464,0,1.5,0.9,-0.9,1.3,5.8,6.2,1.8,1
0.044710408,6.8,1,3.2,24,0,78,0.7,1,0.78,0.4,0.7,0.3,0.529,0,1.4,3.2,0.1,1.4,9.4,7.4,1.6,0
0.053915627,4.2,1,1.6,25,0,63,0.5,1,0.722,0.3,0.4,0.3,0.465,0,0.6,0.8,-0.4,0.7,6.7,5.3,1.7,1
0.012964606,8.4,0,1.7,26,0,59,0.7,1,0.708,1,2.2,0.1,0.55,0,1.5,3.3,0.9,0.4,1.9,16.6,0.3,0
0.01401244,13.5,0,2.2,27,0,82,1.3,1,0.78,1.2,3,0,0.53,0,2,4,0.5,0.7,2.3,13.6,0.1,0
0.055725328,7.6,0,2,28,0,68,1.1,1,0.805,0.8,3.1,0,0.49,0,1.3,1.3,-0.2,0.5,2.1,19.9,0.1,0
0.057165644,8.4,0,1.5,29,0,70,1.1,1,0.825,0.7,2.2,0.1,0.525,0,1.1,2.2,0.2,0.5,2,13.3,0.3,0
0.047762868,11.8,1,4.3,22,0,39,1.4,1,0.82,0.6,0.9,0.3,0.547,0,2.3,1.7,0.2,1.6,7.3,6.1,0.9,1
0.048804602,11.7,1,4.2,23,0,76,1.4,1,0.783,0.4,1,0.5,0.502,0,2.1,1.7,-0.3,1.9,8.9,7.5,1.5,1
0.058760225,16.2,1,4.7,24,0,78,1.8,1,0.838,0.6,1.8,0.7,0.529,0,3.1,4.9,1.6,2,8.3,12.4,2.2,1
0.036471393,7.7,0,4.1,26,0,67,1,1,0.689,0.2,1.1,1.5,0.581,0,2.8,4.5,1.3,2,10.9,9.1,5.6,0
0.070707071,5,0,2.9,27,0,32,0.8,1,0.476,0.3,0.2,1.3,0.562,0,3.2,1.3,0.1,1.9,12.4,1.7,5.9,0
0.017014281,6.4,0,3.9,30,0,71,1,1,0.718,0.6,0.4,2.5,0.608,0,2.5,5.4,1.5,2.3,13.4,3.2,9.3,0
0.07134078,16.8,1,6.5,20,0,81,2.3,1,0.76,0.9,1.9,1.4,0.547,0,6.7,6.8,1.4,2.4,7.1,8.6,2.7,1
0.067636364,22.5,1,6.3,21,0,70,2.2,1,0.816,0.7,2.6,1.1,0.585,0,8.3,9.8,3.4,2.9,8.7,11.8,2.3,0
0.079706785,22.6,1,8,22,0,69,2.6,1,0.785,0.6,2.5,1.3,0.577,0,8.6,9.6,3.1,2.7,8.1,11.7,2.6,0
0.223889987,22.3,0,6.1,23,1,67,2.3,1,0.844,0.9,2.6,1,0.588,0,8.3,10.1,3.9,2.6,8.4,12.1,2.2,0
0.24557909,22.7,0,7.2,24,1,77,2.3,1,0.817,0.9,2.5,1,0.569,0,8,9.7,3.5,2.8,8.7,11.6,2,0
0.007539383,4.9,1,0.8,22,0,44,0.7,1,0.823,0.3,1.2,0.2,0.531,0,1.4,0.6,-0.1,0.3,2.8,14.8,1,0
0.056565657,8.7,0,2.6,23,0,74,1.6,1,0.818,0.9,5,0,0.538,1,1.9,5.2,1.5,0.4,1.5,26.4,0.1,0
0.05691164,7.2,0,1.9,24,0,78,1.3,1,0.752,0.9,4,0.1,0.529,1,1.3,4.8,1.2,0.3,1.4,24.4,0.2,0
0.058385763,5.8,0,1.5,25,0,66,1.1,1,0.813,0.7,4,0,0.508,1,1.2,2.3,0.1,0.3,1.4,26.5,0.1,0
0.058678824,9.1,1,4.6,22,0,63,1.8,1,0.661,0.4,1.2,1.1,0.522,0,1.9,2.1,-0.2,2.1,10.2,7.7,3.1,0
0.065715028,10.1,1,5.7,24,0,75,2,1,0.741,0.5,1.1,1.5,0.502,0,3,2.9,-0.5,2.1,8.9,6.1,4.1,0
0.154592846,15.7,0,9.6,25,0,56,2.9,1,0.762,0.6,1.9,2.8,0.538,0,4.7,3.6,1.2,3.1,9.5,9.3,5.6,0
0.161895024,12,0,5.5,26,0,31,2.7,1,0.68,0.5,1.5,1.5,0.552,0,2.4,0.6,-0.3,2.4,9.1,8.8,3.6,0
0.06352,16.1,1,4.3,20,0,78,2.3,1,0.847,2.2,7.8,0.1,0.546,1,6,10.4,5.1,0.8,2.5,38.2,0.2,0
0.063614567,17.3,1,3.5,21,0,64,2.5,1,0.818,1.8,8.9,0,0.537,1,5.6,8.8,4.2,0.8,2.6,41.3,0.1,0
0.077951414,22.8,1,4.7,23,0,78,3,1,0.868,2.8,11,0.1,0.599,1,6.7,18.3,9.9,0.9,2.8,54.5,0.3,0
0.007767347,3.4,0,0.6,23,0,42,0.5,1,0.676,0.4,1.5,0,0.479,1,0.9,0.6,0,0.1,1.8,25.8,0,0
0.012357649,7.8,0,1.8,24,0,60,0.9,1,0.867,0.8,3,0.1,0.559,1,1.6,2.6,0.5,0.2,1,22.5,0.2,0
0.016574318,5.1,0,1,25,0,66,0.5,1,0.81,0.4,2,0,0.539,1,0.9,2.1,0.2,0.1,1,21.5,0.2,0
0.050396171,7.9,1,3.1,22,0,54,1.4,1,0.611,0.5,0.7,0.4,0.543,0,2.7,1.3,-0.2,1.2,7.8,6.7,1.8,0
0.117624918,13.5,0,5.5,24,0,82,1.5,1,0.684,0.9,1,0.5,0.568,0,4.3,6,0.6,2.2,8.2,5.3,1.1,1
0.11684343,13.4,0,5,25,0,62,1.7,1,0.645,0.7,1.2,0.6,0.554,0,4,3.4,0.4,2,7.9,7.1,1.5,1
0.115030675,7.2,0,2.9,26,0,62,1.2,1,0.564,0.4,0.8,0.3,0.518,0,2.3,1.1,-0.5,1.5,10.2,7.6,1.1,0
0.012500405,5.6,0,4.1,23,0,78,0.8,1,0.618,0.9,0.6,0.2,0.587,0,1.1,6.4,0.6,2.6,13.8,4.4,0.8,1
0.031457846,3,0,3.7,24,1,79,0.8,1,0.458,1.1,1.2,0.5,0.512,0,0.3,4.4,1.1,1.7,9.6,8.4,2,1
0.095737406,13.6,0,2,30,0,82,1.8,1,0.803,0.9,4.4,0,0.558,1,2.5,4.5,0.6,0.4,1.2,20.6,0.1,0
0.090909091,9.5,0,1.4,31,0,71,1.2,1,0.791,0.6,2.8,0,0.526,1,2.3,3.6,0.4,0.3,1.6,20,0.1,0
0.053927737,4.7,0,1.2,33,0,24,0.4,1,0.444,0.4,2,0,0.449,0,0.4,0.3,-0.1,0.1,0.9,18.7,0.2,0
0.007678645,1.8,0,0.6,24,0,17,0.3,1,0.8,0.2,0.5,0.1,0.493,0,0.6,0.2,0,0.2,4.9,18.3,2,0
0.04558188,5.8,1,2.7,21,0,79,1.1,1,0.8,1,1.4,0.3,0.429,0,1.4,-0.2,-1,1,5.1,9.1,1.1,0
0.046453988,6.2,1,2.1,22,0,15,0.9,1,0.737,1,1.7,0.2,0.473,0,1.3,0.3,0,1.2,6.6,12.9,0.8,0
0.159562343,22.2,0,4.9,25,0,66,3,1,0.857,1.1,3.4,0.1,0.574,0,10,8.1,2.7,1.1,3.6,16.6,0.2,0
0.141414141,17.8,0,4.4,26,0,32,2.4,1,0.828,0.6,2.1,0.1,0.584,0,8,3,0.7,0.9,3.6,12.1,0.3,0
0.125831386,22.1,0,4.5,28,0,70,2.8,1,0.812,1,2.7,0.1,0.595,0,9.7,6.9,2.4,1.1,3.6,14.3,0.2,0
0.141033776,18.6,0,4.6,29,0,51,2.4,1,0.824,0.9,1.8,0.2,0.582,0,8.1,3.3,0,1,3.4,9.2,0.3,1
0.02004499,8.4,1,2.1,23,0,77,0.9,1,0.83,1,1.2,0.2,0.556,0,1.2,4.4,0.9,0.2,1.1,7.6,0.5,0
0.007767347,7.4,0,3.3,23,0,82,0.9,1,0.624,0.6,0.6,0.2,0.558,0,2.3,3.9,0.1,1.8,11.9,5.4,0.9,1
0.042603954,10.1,0,2.5,25,0,74,1.4,1,0.677,0.4,1.1,0.3,0.599,0,3.4,3.1,0.5,1.3,7.6,9.7,1,1
0.037644172,11.8,1,1.6,21,0,72,1.7,1,0.893,0.6,3.5,0,0.587,1,3.2,5.1,1.4,0.2,1.1,22.6,0.1,0
0.017777778,1.7,0,0.9,25,0,43,0.4,0,0.5,0.1,0,0.6,0.538,0,0.5,0.5,0,0.4,9.8,1.4,8.1,0
0.030656987,0.8,0,0.4,26,0,21,0.2,0,0.875,0.1,0.3,0.2,0.435,0,0.4,0.1,0,0.1,4.7,10.9,4.8,0
0.007803182,2,0,1,27,0,42,0.3,0,0.417,0.2,0.2,0.6,0.465,0,0.3,0.4,-0.3,0.7,9.4,4.3,5.8,0
0.016429448,8.9,1,3.1,22,0,7,0.4,1,0.769,0.4,0.9,0.7,0.556,0,1.9,0.4,0.1,1.4,8.7,8.3,2.8,1
0.021290671,8.8,0,2.7,20,0,59,1.1,1,0.825,0.4,1.3,0.2,0.48,0,1,-0.4,-1.2,0.3,1.6,9.1,0.5,0
0.021697342,9.1,1,2.3,21,0,75,0.6,1,0.875,0.5,0.9,0.1,0.512,0,0.7,2.2,0,0.3,1.2,6.2,0.4,0
0.026062457,4.5,1,1.1,24,0,52,0.6,1,0.688,0.3,0.4,0.2,0.534,0,1.2,0.9,-0.2,0.2,2,5.5,1.3,0
0.024710303,4,1,1.2,25,0,71,0.7,1,0.645,0.5,0.5,0.2,0.462,0,1.3,0.6,-0.6,0.3,2.5,7,1.2,0
0.035496622,7.5,1,1.4,26,0,78,1.2,1,0.793,0.5,0.9,0.3,0.542,0,2.2,0.7,-1.1,0.6,3.4,6.6,1,0
0.013549649,3.2,0,1.1,27,0,25,0.4,1,0.667,0.3,0.5,0.2,0.537,0,2,0.4,0.1,0.3,4.1,8.9,2.3,0
0.015792059,5.4,0,1.4,28,0,79,0.9,1,0.728,0.6,1,0.2,0.533,0,1.9,2,-0.3,0.7,4.9,8.2,1,0
0.008782243,6.3,1,1.3,25,0,29,0.6,1,0.618,0.8,0.9,0.3,0.5,0,1.2,1,0.3,1,6.9,8.5,1.5,0
0.050505051,6.5,0,1.4,26,0,82,1,1,0.84,0.9,1.3,0.1,0.529,0,2,1.7,0.1,1,6.2,10.8,0.6,0
0.050813964,8.8,0,1.7,27,0,82,1.4,1,0.882,1.1,1.9,0.2,0.535,0,2.1,2.8,0.6,1.1,5.1,12,0.6,0
0.052130146,9.2,0,2.3,28,0,76,1.2,1,0.736,0.8,2,0.3,0.474,0,1.9,1,-0.2,0.9,4.3,12.7,0.7,0
0.052828903,5.3,0,1.2,29,0,41,0.9,1,0.804,0.5,0.9,0.2,0.467,0,1.1,0,-0.4,0.5,3.6,9.1,0.8,0
0.01584331,7.3,0,5.1,26,0,81,1,0,0.538,0.6,0.4,1.3,0.551,0,2.5,5.2,1,3.2,17,2.7,4.4,0
0.095959596,5.2,0,1.9,27,0,74,0.5,0,0.461,0.3,0.3,0.6,0.55,0,1.2,2.5,0,1.2,12,4.9,3.9,0
0.098843794,4.8,0,2.8,28,0,54,0.9,0,0.467,0.4,0.5,0.6,0.482,0,1.7,0.8,-0.7,1.7,13,5.3,2.9,0
0.103381808,3.2,0,1.5,29,0,51,0.7,0,0.524,0.4,0.2,0.5,0.443,0,1.2,0.1,-0.6,1.3,14.2,3.2,3.5,0
0.007767347,4.6,1,1.1,20,0,60,0.7,1,0.718,0.4,1.2,0.1,0.556,1,0.7,2,0.3,0.5,3.2,10.7,0.6,0
0.063053851,7.8,0,1.7,22,0,75,0.8,1,0.767,0.6,1.8,0.2,0.519,1,1.1,3.8,0.4,0.4,2.1,11.3,0.7,0
0.048969325,6.1,1,1.5,20,0,28,0.5,0,0.963,0.5,0.5,0.1,0.621,0,1,1,0.3,0.5,3.3,5.5,0.7,0
0.026644848,7.5,1,3.2,22,0,78,1,1,0.777,0.7,1.2,0.8,0.54,0,1.9,5.1,1.4,1.7,8.8,8.8,2.6,0
0.027265864,19.6,1,4.9,24,0,80,2.1,1,0.852,1.2,2.1,1.1,0.571,0,4.7,7.3,2.5,1.2,3.4,9.6,2.2,0
0.039703562,25.8,1,4.4,25,0,67,2.5,1,0.878,1,2.7,1.4,0.584,0,6.9,8,4.2,0.7,2.2,13.1,3,0
0.153863688,12.8,0,3.6,23,0,63,2.5,1,0.6,1.2,2,1.2,0.511,0,3.4,1.3,0.6,1.1,5,14.2,3.3,0
0.146464646,14,0,4,24,0,40,2.5,1,0.534,1.1,1.8,1,0.48,0,4.1,-1,-0.4,0.6,2.2,10.8,2.3,0
0.036471393,7.5,0,2.7,26,0,81,0.9,0,0.847,0.6,1.4,0.2,0.566,0,1.4,4.3,0.5,1.5,8.4,10.5,0.8,1
0.044444444,9.2,0,2.7,27,0,62,1.4,0,0.817,0.6,1.4,0.3,0.524,0,1.9,2.5,0.3,1.2,6.6,11.5,0.9,1
0.068692952,7.6,0,2.4,28,0,37,1.2,0,0.852,0.5,1,0.3,0.567,0,1.5,1.1,-0.2,1.2,7,9,1.1,1
0.070861046,6.2,0,2.4,29,0,80,1.1,0,0.918,0.7,1.7,0.2,0.496,0,0.9,1.7,-0.2,1,6,14.2,0.9,0
0.088111238,1.8,1,1.1,19,0,37,0.4,0,0.708,0.1,0.2,0.5,0.387,0,0.6,-0.2,-0.4,0.1,1.4,4.5,5.1,0
0.083539394,4.8,1,1.9,20,0,55,0.9,0,0.56,0.3,0.7,1.4,0.52,0,0.9,1.2,0.4,0.8,7.2,9.2,7.8,0
0.11684343,7.2,0,4.2,22,0,70,1.4,0,0.554,0.5,0.8,1.6,0.456,0,1.7,0.2,-0.8,1.8,8.5,5.4,5,0
0.007668712,1.9,0,1.1,23,0,51,0.3,1,0.686,0.2,0.2,0.1,0.483,0,0.7,0.8,-0.4,0.6,9.2,2.7,0.7,1
0.016652352,5.6,1,3.1,20,0,76,0.6,1,0.667,0.7,0.6,0.7,0.456,0,0.8,1.7,-0.5,1.4,8.9,5,2.9,1
0.017401212,5.1,1,2.9,22,0,67,0.8,1,0.577,0.4,0.6,0.3,0.607,0,1.8,2.7,0.6,1.6,11.6,6.5,1.5,0
0.017428061,10.7,1,7,23,0,58,1.6,1,0.815,0.8,1.8,0.4,0.652,0,3,6.9,2.2,3.4,13.6,10.2,1.1,1
0.03047091,16,1,8.6,25,0,81,1.9,1,0.755,1,2.1,0.3,0.59,0,4.1,9,2,3.2,9.6,10.1,0.6,0
0.028428539,6.2,0,3,24,0,30,1.2,1,0.68,0.4,0.8,0.5,0.479,0,1.7,0.2,-0.2,1.3,8.2,7.6,2.3,0
0.038617446,18.3,0,5.7,26,0,52,1.9,1,0.824,0.8,2.2,0.7,0.532,0,4.4,5.2,1.4,2.4,7.5,10.9,1.6,1
0.191443466,20.6,0,6.5,27,0,76,2.2,1,0.85,0.8,2.3,1.3,0.535,0,4.6,8.4,2.6,2.4,7.2,10.6,2.7,1
0.168072597,21,0,6.4,28,0,76,2.1,1,0.884,0.6,2.3,0.9,0.54,0,5.5,7.8,2,2.1,6.5,10.9,1.9,1
0.00937287,4.3,1,3.1,20,0,53,0.8,1,0.385,0.2,0.2,1.1,0.585,0,2.1,1.3,-0.3,1.4,10.5,2.3,5.7,0
0.000927232,2.4,0,1.2,24,0,19,0.9,1,0.6,0.5,1.9,0,0.449,1,0.3,-0.1,-0.2,0.4,3.1,19.8,0,0
0.02141509,4.5,0,1.3,21,0,39,0.6,1,0.704,0.5,1.4,0.2,0.524,0,0.7,0.9,0.2,0.4,3.3,16.4,1.2,0
0.03397016,8.3,0,2.7,24,0,61,1.9,1,0.736,1,3.8,0.5,0.492,1,1.5,1.3,0.5,0.5,2.2,23.5,1.4,0
0.065610089,11.7,0,2.7,25,0,64,1.4,1,0.833,1.5,3.5,0.2,0.559,0,1.7,6.4,2,0.5,1.8,16.6,0.5,0
0.016885051,6.1,0,1.3,25,0,58,0.8,1,0.81,0.4,0.9,0.4,0.545,0,0.7,1.3,0.3,0.3,2.4,9.5,2.1,0
0.000758637,3.4,0,0.2,27,0,5,0,1,0,0.2,0.2,0,0.571,0,0.4,0.1,0,0,0,7.2,0,0
0.070452525,10.8,1,2,21,0,80,1.8,1,0.704,0.8,4.5,0.2,0.5,1,1.7,2.8,0.2,0.4,1.8,28.6,0.6,0
0.070556883,16.2,1,2.8,22,0,80,3.1,1,0.767,1,9.3,0.2,0.535,1,3.7,7.2,2.4,0.5,1.7,41.6,0.4,0
0.072094913,18.8,1,2.5,23,0,82,3.4,1,0.803,1.1,10.5,0.3,0.595,1,5,11.3,4.5,0.4,1.4,43.6,0.6,0
0.086391428,19.4,1,2.5,24,0,68,3.4,1,0.849,1.1,10.7,0.3,0.573,1,5.6,8.4,3.8,0.4,1.1,47.8,0.6,0
0.06143524,1,1,1,23,0,39,0.3,0,0,0.2,0.4,0.7,0.281,0,0.1,0,-0.2,0.8,11.3,7.1,6.6,0
0.037602334,2.3,0,3.4,25,0,81,0.8,0,0.558,0.5,0.4,1.4,0.503,0,1.1,3.8,0.7,2,13.8,2.8,5.8,0
0.038576308,2.9,0,2.9,26,0,79,0.7,0,0.543,0.3,0.5,1.1,0.536,0,0.9,3,0.5,2,14.6,4.6,5.1,0
0.095177232,2.3,0,2.1,27,0,75,0.5,0,0.333,0.4,0.4,0.7,0.425,0,0.9,1.4,-0.2,1.5,13.3,4.6,4.3,0
0.056986551,7.8,0,1.2,23,0,55,1,1,0.554,0.3,1.3,0.2,0.456,0,1.8,-0.1,-0.8,0.7,4,10.4,0.6,0
0.055555556,11,0,2.2,24,0,82,1.5,1,0.744,0.7,2,0.2,0.507,0,3,2.4,-0.3,0.7,2.8,10.1,0.5,0
0.01754051,11.2,0,2,25,0,82,1.5,1,0.704,0.8,2.7,0.2,0.542,0,2.6,3.1,0.4,0.7,2.5,14.3,0.6,0
0.061623586,6.6,0,2,27,0,32,1,1,0.533,0.7,3.1,0.1,0.41,0,1.9,-0.6,-0.6,0.3,1.4,16.3,0.2,0
0.062500114,5.7,1,1,21,0,76,1.1,1,0.757,1,2.2,0.3,0.53,1,1.4,2.7,1.2,0.4,2.7,22.5,1.2,0
0.059544242,9.9,1,1.8,22,0,56,1.5,1,0.716,0.9,3.2,0.3,0.544,1,4.2,3.7,1.1,0.5,2.5,23.4,1,0
0.059341677,10.2,1,1.9,23,0,80,1.8,1,0.824,1.2,3.7,0.3,0.574,1,3.3,6.5,1.7,0.6,2.7,22.9,0.8,0
0.071813823,14.8,1,2.3,24,0,64,2.5,1,0.824,1.4,5.8,0.2,0.573,1,4.7,5.6,1.5,0.4,1.6,31.1,0.4,0
0.132924335,21.3,0,2.9,25,0,69,3.1,1,0.82,1.7,6.9,0.2,0.563,1,8.8,7.5,3,0.4,1.4,34.4,0.4,0
0.012125375,4.5,1,4,23,0,79,1.2,1,0.725,0.8,2.5,0.9,0.483,0,1.3,1.7,0.5,1.4,6.2,13.8,2.9,0
0.016550102,3.8,0,1.2,20,0,55,0.7,0,0.853,0.3,0.5,0.3,0.416,0,0.6,-1.1,-0.9,0.3,3,6.4,1.4,0
0.02502303,2.9,1,1.5,20,0,20,0.7,1,0.882,0.2,0.4,0.1,0.574,0,0.9,0.2,0,0.1,1.9,9.8,0.6,0
0.024939494,6,1,3.5,21,0,66,1,1,0.744,0.6,1.4,0.7,0.489,0,1.3,1.9,0.5,0.6,3.7,12.1,2.8,0
0.036684271,7.9,1,3.9,22,0,44,0.7,1,0.826,0.7,1.4,0.9,0.537,0,1.6,2.2,0.6,1.1,5.1,9.4,3,0
0.04452684,3,0,3,23,0,6,1,1,0.333,0.3,0.3,0,0.398,0,1,-0.1,-0.1,0.3,3.3,4.2,0,0
0.073263734,14.4,1,6.7,23,0,82,1.6,1,0.81,0.9,1.6,0.9,0.548,0,3.8,8.5,2.3,2.5,9.5,9.1,2.2,1
0.082137596,10.7,1,5.4,24,0,79,1.3,1,0.682,0.7,0.7,0.6,0.552,0,3.3,6.6,1,3,12.8,4.4,1.7,1
0.125066378,11.1,0,5.2,25,0,80,1.4,1,0.714,0.9,1.1,0.4,0.508,0,2.5,6.5,1,3.3,13.3,6.7,1,1
0.121867468,11.9,0,4.9,27,0,51,1.5,1,0.84,0.6,0.9,0.4,0.526,0,3.1,2.7,0.1,2.2,10.4,6.3,1,1
0.008055798,1,0,1.5,22,0,14,0.2,1,0.462,0.1,0.1,0.2,0.445,0,0.9,0.1,-0.1,0.7,14.4,3.3,2.6,1
0.012500405,0.8,0,1.3,23,0,4,0.5,1,0.5,0,0,0,0.412,0,1.5,0,0,0.3,6.3,0,0,1
0.000797751,2,0,1,25,0,6,0.7,1,0.667,0,0,0.2,0.622,0,1,0.1,0,1,14.4,0,1.6,1
0.095275131,12,1,6.5,19,0,82,2,1,0.671,0.9,0.9,1.7,0.571,0,5,7.3,1.4,3.5,12.2,4.4,3.6,1
0.090770909,15.8,1,9,20,0,82,2.6,1,0.595,0.8,1.5,1.4,0.565,0,7.3,8.6,2.3,3.5,12.1,7.2,3,1
0.090462407,17.6,1,8.8,21,0,82,3.9,1,0.586,0.9,1.9,1.9,0.619,0,8.1,9.7,3.7,3.5,11.8,9.5,4.2,0
0.10895693,20.7,0,10.8,22,0,82,3.2,1,0.59,0.9,1.3,2.1,0.619,0,10.9,12.9,3.7,3.4,10.9,6.1,4.2,0
0.234458078,20.6,0,9.6,23,0,79,3,1,0.594,1,1.4,2.9,0.6,0,10.7,13.8,4.7,4.3,13.8,7.3,5.9,0
0.064603602,24.1,1,3.7,23,0,77,4.2,1,0.762,1.6,6.8,1.1,0.561,0,9.9,11,4.9,1.4,4.5,31,2,0
0.061250909,27.2,1,4.3,24,0,75,3.6,1,0.783,1.9,6.7,0.8,0.577,0,10.7,14.4,7.1,1.4,4.5,33,1.5,0
0.234428366,24.6,0,3.3,26,0,51,4.4,1,0.758,1.7,6.9,0.7,0.549,0,9.2,3.3,2.3,0.9,2.7,37.5,1.5,0
0.24557909,30.2,0,3.9,27,0,79,3.4,1,0.765,2.2,7.5,1.3,0.574,0,9.8,14.7,9.6,1.1,3.5,40.3,2.8,0
0.008055798,1.6,0,1,24,0,8,0.6,1,0.75,0,0,0,0.366,0,0.5,-0.2,-0.2,0.3,5.5,0,0,0
0.01401244,2.3,0,0.8,25,0,28,0.4,1,0.944,0.2,0.2,0.1,0.357,0,0.6,-0.3,-0.4,0.7,11.3,4,1.6,0
0.017496459,7.1,0,2.8,26,0,46,1,1,0.701,0.4,0.6,0.2,0.446,0,1.9,-0.4,-1.2,1.5,8.9,5.8,0.7,0
0.033234557,7.7,0,1.6,25,0,80,2.1,1,0.659,1,4.5,0.2,0.5,1,1.7,2.3,0.6,0.4,2.3,34.2,0.8,0
0.101010101,8.9,0,1.9,26,0,70,1.9,1,0.676,1,4.1,0.1,0.558,1,1.6,2.7,0.9,0.3,1.8,29,0.5,0
0.101627929,9.4,0,2,27,0,77,2.2,1,0.735,1.3,5.7,0.3,0.483,1,1.9,2,0.7,0.4,1.9,31.4,0.8,0
0.104260291,10.7,0,2.3,28,0,78,2.2,1,0.766,0.9,6.8,0.1,0.517,1,1.9,2.9,0.6,0.6,2.1,36.6,0.3,0
0.105657805,6.6,0,2.2,29,0,68,2.3,1,0.755,0.7,5.8,0.2,0.448,1,1.6,-0.2,-1.2,0.5,2.3,33.4,0.5,0
0.006605539,2.3,0,0.7,30,0,6,0.8,1,0,0.5,1.8,0.2,0.778,1,0,0.1,0,0,0,41.2,1.9,0
0.018805562,5.8,0,1,26,0,68,0.5,1,0.852,0.6,1.4,0.1,0.525,1,0.4,1.8,0.7,0.2,2,17.9,0.5,0
0.016885051,9.8,0,1.4,27,0,81,0.9,1,0.805,0.5,1.8,0.1,0.512,1,0.5,1.6,0.7,0.2,1.2,16.4,0.6,0
0.026347982,8.4,0,1.4,28,0,56,0.5,1,0.917,0.5,1.2,0.1,0.536,0,0.6,1.9,0.5,0.3,1.8,13.1,0.3,0
0.045160191,8.5,0,1.8,30,0,81,0.7,1,0.792,0.8,1.1,0.1,0.592,1,0.7,4.9,2,0.1,0.9,10.3,0.4,0
0.088817005,16.1,1,3.5,22,0,63,2.6,1,0.72,0.3,0.6,0.9,0.583,0,5,4.3,0.7,1.8,7.2,4.1,2.4,0
0.149292929,13.6,0,4,23,0,72,2.5,1,0.632,0.4,0.3,0.8,0.604,0,6.8,3.3,0,2,9.4,1.9,2.5,0
0.153780051,19.5,0,4.6,24,0,81,3.6,1,0.615,0.4,0.8,0.5,0.603,0,8.1,4.7,0.1,2.4,8.2,4.6,1.1,0
0.160840248,13.2,0,2.8,25,0,59,2.1,1,0.623,0.2,0.5,0.5,0.578,0,5.1,1.7,-0.3,1.9,8,3.8,1.5,0
0.165712048,1.7,0,1.3,26,0,3,0.7,1,0.333,0,0,0,0.753,0,1,0,0,0,0,0,0,0
0.086836654,5.2,0,2.1,28,0,68,0.9,0,0.637,0.6,1,0.4,0.489,0,1.3,1.6,-0.3,1.5,9.4,8.5,1.5,1
0.086034215,6.6,0,2.4,30,0,75,0.7,0,0.715,1,0.9,0.3,0.609,0,1.6,4.8,0.9,1.7,9,5.7,1.1,1
0.089023548,5.9,0,2.9,31,0,78,0.8,0,0.708,0.9,1.2,0.5,0.57,0,1.1,4.1,0.9,1.4,7.5,7.8,1.7,1
0.05538514,2.9,0,1.9,32,0,27,0.7,0,0.364,0.4,0.7,0.1,0.472,0,0.8,0.1,-0.2,0.6,6.3,9.4,1,1
0.274811944,20,0,5.9,25,1,81,2.3,1,0.752,0.8,2.6,2.1,0.554,0,6,10.6,4.2,3.7,12.2,13.3,4.3,1
0.26569697,24.7,0,7,26,1,79,2.2,1,0.775,1,2.6,2.5,0.58,0,7.2,14.8,6.8,3,9.3,13.1,4.9,1
0.268147172,20.5,0,6,27,1,80,2.5,1,0.761,1,2.9,2.2,0.581,0,5.8,11.5,4.8,3.4,10.5,14.7,4.5,1
0.234455419,13.8,0,6.1,29,1,29,2.3,1,0.676,0.6,1.3,1.6,0.484,0,3.7,0.9,0,2.7,9.9,6.9,3.9,1
0.085244586,15.1,1,7.1,22,0,73,1.7,1,0.609,0.8,0.9,1.7,0.479,0,4.7,4,0,3.8,11.5,4.3,3.6,1
0.081214545,13.2,1,6.4,23,0,26,2,1,0.656,0.8,1.2,1.9,0.464,0,4.8,1,0,3.6,11.7,6,4.4,1
0.097560795,13.8,1,7.6,25,0,82,2,1,0.57,0.8,0.9,1.7,0.553,0,4.6,5.8,0.6,3.1,10.7,4.5,3.9,0
0.162534083,13.2,0,6.7,26,1,82,1.8,1,0.593,0.6,0.6,1.7,0.581,0,4.5,8.2,1.5,3.4,12.7,3.5,4.2,0
0.044703476,16.1,1,2,20,0,78,2.1,1,0.854,1,2.8,0.4,0.593,0,4.5,4.6,1,0.6,1.9,13.6,1,0
0.012500405,6.1,1,2,19,0,66,0.8,0,0.787,0.4,0.7,0.3,0.5,0,1.3,1,-0.2,0.9,6.9,7.8,1.4,1
0.111762024,7.1,0,3.4,26,0,47,1.1,1,0.528,0.4,0.4,1.1,0.521,0,3.1,1.6,-0.5,1.8,9.5,3.3,3.9,0
0.108955556,4.7,0,2.5,27,0,71,0.7,1,0.6,0.3,0.2,1,0.56,0,1.8,2.5,0.1,1.4,10,2,4.7,0
0.116976823,3.1,0,1.6,30,0,26,0.7,1,0.696,0.1,0.2,0.7,0.525,0,0.9,0.1,-0.2,1,9.3,3,4.8,0
0.046969697,1.7,0,1.1,30,0,59,0.5,0,0.556,0.2,0.5,0.2,0.491,0,0.5,1.1,-0.2,1,14.1,8.3,1.6,0
0.047049967,4.4,0,3,31,0,79,0.9,0,0.647,0.3,0.9,0.3,0.575,0,0.6,4.1,0.2,1.7,12.1,7.8,1.3,0
0.064713284,4.8,0,3.4,32,0,82,0.6,0,0.607,0.5,1.2,0.2,0.615,0,0.7,6.1,1,1.9,11.1,9.1,0.9,0
0.014133713,3.7,1,2.1,28,0,67,0.6,0,0.57,0.5,0.5,0.6,0.494,0,1.2,1.6,-0.1,0.9,7.5,5.5,3.3,0
0.014532788,4.9,1,3.3,29,0,72,0.9,0,0.662,0.8,0.7,0.6,0.556,0,1,2.9,-0.1,1.4,7.4,4.4,2.1,0
0.05645996,5,0,3.6,30,0,70,1.2,0,0.775,0.4,0.8,0.8,0.552,0,1.1,3.1,0.1,1.2,7.7,6.4,3.3,0
0.053927737,3.3,0,2.4,31,0,63,0.7,0,0.703,0.2,0.4,0.3,0.416,0,0.6,0,-0.9,0.8,7.1,4.6,1.8,0
0.028970688,3.4,0,2.2,32,0,59,0.8,0,0.846,0.6,0.5,0.6,0.537,0,0.7,1.8,-0.1,1.7,11.6,4.8,3.1,0
0.020533333,5.6,0,2.2,24,0,67,1.1,0,0.772,0.6,1.4,0.7,0.51,0,1.5,1.6,0.4,0.6,3.5,11.2,2.6,0
0.035844085,10.6,0,2.7,25,0,77,1.5,1,0.85,0.8,2.5,0.4,0.551,0,2.7,4.8,1.3,0.4,1.8,15.7,1,0
0.047047333,9.6,0,2.2,26,0,68,1.6,1,0.763,0.8,2.3,0.3,0.517,0,2.4,2.6,0.4,0.3,1.2,14.5,0.8,0
0.058341959,6.5,0,1.5,27,0,63,1.1,1,0.833,0.8,1.7,0.3,0.501,0,1.8,1.2,0.1,0.4,2.1,12.8,0.9,0
0.010608913,7.3,0,2,29,0,52,1.3,1,0.815,1,3.6,0.2,0.536,0,1.6,1.6,-0.3,0.4,1.7,19.1,0.5,0
0.011684343,2.1,0,0.5,21,0,15,0.3,1,0.5,0.3,0.9,0,0.401,1,0.1,0.1,-0.1,0.1,1.3,22.5,0,0
0.012125375,2,0,0.7,22,0,47,0.4,1,0.81,0.3,0.8,0.1,0.422,0,0.4,0.4,0,0.2,3.1,15.5,0.7,0
0.017147239,5.7,1,1.7,22,0,77,1,1,0.781,0.6,1.8,0.3,0.502,1,1.9,2.1,0.1,0.4,2.9,16.6,1.2,0
0.025350522,10.4,1,1.7,21,0,81,1.5,1,0.805,0.5,1,0.3,0.521,0,2,1.6,-0.2,0.8,4.5,8.5,1,0
0.025902571,5.1,1,1.7,22,0,30,1.1,1,0.829,0.3,1,0.1,0.453,0,1.4,-0.4,-0.2,0.4,4.1,12.5,0.9,0
0.014569819,5.2,0,1.1,23,0,38,0.9,1,0.844,0.3,0.4,0.1,0.513,0,0.8,0,-0.3,0.4,4.3,6.9,1,0
0.037667039,11.1,1,3.8,22,0,70,2.3,1,0.661,1.7,2,1.3,0.51,0,4.1,2.4,1.2,1.7,6,10.4,3.2,0
0.101010101,15.2,0,5.3,23,0,55,1.8,1,0.614,2.5,1.7,2.1,0.578,0,5.6,6.4,3.2,2.2,7.1,8.8,4.7,0
0.103980427,18.1,0,5.2,24,0,72,2.2,1,0.691,2,2.6,1,0.568,0,6.2,7.7,3.7,2,6.2,12.5,2,0
0.170771167,19.4,0,5.1,25,0,62,2.9,1,0.731,2.1,3.5,0.9,0.547,0,6.9,4.6,2.5,0.9,2.8,15.9,1.9,1
0.161895024,16.6,0,6.2,26,0,71,2.1,1,0.804,1.7,2.7,0.9,0.585,0,6.4,9.5,3.7,1.6,5.2,12.4,2.1,0
0.214032368,25.5,0,3.7,23,0,80,3,1,0.814,1.7,5.1,0.3,0.565,1,8,11.5,5.2,1,2.8,22.9,0.5,0
0.20884163,28.4,0,3.7,25,0,74,3.2,1,0.844,1.9,6,0.2,0.565,1,9.7,10.8,5,0.8,2.3,27.2,0.3,0
0.214819342,19.4,0,3.5,26,0,13,3.8,1,0.771,1.8,5.1,0.1,0.529,1,7.4,0.6,0.5,0.5,1.6,27.4,0.2,0
0.249718234,13,0,4,27,0,2,0.5,1,0.75,0,10,0.5,0.433,1,8,0.2,0,0.5,1.8,47.8,1.3,0
0.007678645,4.5,1,1.6,22,0,69,0.9,1,0.66,0.4,0.4,0.3,0.545,0,2.2,2.5,-0.2,1.4,12.8,4.6,1.7,0
0.028970688,4.5,1,1.3,22,0,55,1.3,0,0.769,0.5,2,0.1,0.487,1,1.2,0.1,-0.4,0.6,5.5,20.8,0.3,0
0.091178482,8.8,0,1.9,27,0,81,1.1,0,0.81,0.6,1.7,0.1,0.516,0,1.7,1.8,0.1,0.3,1.8,15.2,0.6,0
0.080808081,10.6,0,1.5,28,0,37,1.7,0,0.754,0.4,1.7,0.1,0.482,0,1.5,-0.2,-0.9,0.4,1.9,12.8,0.3,0
0.075279947,7.8,0,1.7,29,0,61,1,0,0.816,0.5,1,0.1,0.566,0,1.4,1.9,0.2,0.4,2.5,8.5,0.3,0
0.071903649,5.8,0,1.4,30,0,56,0.9,0,0.885,0.4,1.1,0.1,0.518,0,0.5,0.5,-0.3,0.3,2.4,11,0.4,0
0.024172121,4.1,1,1.5,23,0,68,0.8,1,0.661,0.2,0.4,0.3,0.499,0,1.7,0.8,-0.5,0.6,7.3,7.5,2.3,1
0.024735574,11.4,1,3.1,25,0,75,1.1,1,0.704,0.5,0.7,0.4,0.555,0,3.5,3.3,0,1.6,7.8,5.2,1.2,1
0.036112849,11.6,1,3.4,26,0,82,1.2,1,0.711,0.6,0.8,0.5,0.554,0,4.6,4.7,0.7,1.6,7.7,5.9,1.6,1
0.026793132,2.5,0,1.6,23,0,19,0.5,0,0.6,0.1,0.4,0.6,0.543,0,1.6,0.4,0.1,0.8,16.1,11.1,8.1,0
0.111762024,14,0,2.6,25,0,67,1.8,0,0.836,0.6,2.3,0.3,0.532,0,3.4,3.4,1.2,0.9,4,14.9,0.7,0
0.108955556,14.9,0,3.4,26,0,78,1.7,0,0.861,0.9,2.8,0.3,0.578,0,3.8,7.6,2.5,0.9,3.4,14.3,0.6,0
0.116976823,16.8,0,4.7,29,0,77,2.6,0,0.807,0.8,4.9,0.2,0.541,0,5.1,7.3,2.4,0.6,1.8,22.5,0.5,0
0.00923848,3,1,0.7,21,0,29,0.6,1,0.696,0.2,0.4,0.1,0.646,0,0.8,0.5,-0.1,0.3,4.7,9.9,0.7,0
0.034157829,2.7,1,1.5,23,0,65,0.9,1,0.629,0.2,0.4,0.5,0.498,0,1.1,0.5,-0.7,1,10.1,4.4,3.6,0
0.034642127,4.8,1,1.6,24,0,70,1.1,1,0.633,0.4,0.4,0.6,0.585,0,1.4,1.5,-0.5,1.2,9,4.4,3.5,0
0.016875067,3.5,1,0.8,21,0,6,0.3,0,1,0,0.2,0.7,0.658,0,1.5,0.2,0,0,0,9,13.2,0
0.040164848,7,0,1.9,22,0,69,1.1,1,0.81,0.2,0.4,0.4,0.596,0,2.4,2.6,0,1.4,10,4.9,2.2,1
0.040222076,6.2,0,2.2,23,0,59,1.1,1,0.8,0.1,0.4,0.4,0.559,0,2.4,1.5,-0.3,1.3,11,5.7,2.6,1
0.041099407,5.6,0,1.6,24,0,30,0.7,1,0.851,0.2,0.3,0.1,0.543,0,1.6,0.7,-0.1,1.3,13.3,5.7,0.7,1
0.04963911,4.1,0,1,25,0,29,0.4,1,0.755,0.1,0.1,0.1,0.611,0,1.8,0.7,0.1,0.9,14.4,2.7,1.1,1
0.01401244,8.4,0,2.5,29,0,75,1,1,0.742,0.9,1.5,0.2,0.569,0,1.2,3.9,1.2,1.3,5.4,8.6,0.6,0
0.018404908,4.3,0,2.4,31,0,67,0.6,1,0.609,0.5,0.8,0.2,0.47,0,0.7,1.3,0.1,0.4,3.3,7.9,0.9,0
0.007767347,2.4,0,0.5,22,0,33,0.4,0,0.667,0,0.7,0,0.44,1,0.7,0.1,-0.2,0.2,4.5,20.4,0.4,0
0.025562372,7.8,0,1.8,24,0,79,1.3,0,0.753,0.5,3.4,0.1,0.516,0,1.2,2.2,0.2,0.5,2.6,26.4,0.2,0
0.022656442,4,0,1.8,20,0,62,0.7,1,0.672,0.2,0.1,0.5,0.548,0,1.1,1.5,-0.2,0.8,9.1,2.1,3.4,0
0.035018726,6,1,1,22,0,42,0.5,1,0.9,0.3,0.9,0,0.569,1,1.4,1.7,0.3,0.2,2,9.7,0,0
0.036464213,6,1,1.6,24,0,64,0.8,1,0.871,0.3,1.1,0,0.562,0,1.5,2.3,0.3,0.1,0.8,10.3,0.1,0
0.026203636,7.7,1,1.7,20,0,55,1,1,0.822,0.7,1.1,0.1,0.515,0,1.8,1.2,0.3,0.3,2.2,10.3,0.3,0
0.038361801,12.3,1,1.5,22,0,74,1.5,1,0.719,0.8,1.7,0.2,0.603,0,2.4,3.7,1.6,0.6,3.3,14.7,0.6,0
0.084952301,15.2,0,3.1,23,0,81,1.9,1,0.754,1,2.8,0.2,0.576,0,3.4,5.8,2.4,0.5,2.3,17.3,0.5,0
0.038465922,2.1,0,1.6,27,0,38,0.5,1,0.684,0.1,0.4,0.3,0.528,0,1,0.6,-0.1,0.8,9.4,6.1,2,0
0.039141414,5.3,0,2.4,28,0,51,0.6,1,0.683,0.5,0.8,0.5,0.47,0,1.2,1,-0.5,1.2,8.3,7.9,2.2,0
0.037639974,4.4,0,2.4,29,0,73,0.8,1,0.681,0.4,0.6,0.3,0.523,0,1.5,1.7,-0.5,1.2,9.3,6.8,1.8,0
0.053927737,2.2,0,1.5,30,0,44,0.7,1,0.828,0.2,0.3,0.5,0.528,0,0.7,0.2,-0.4,0.7,8.8,5.1,4.3,0
0.014078954,0.9,0,1,31,0,38,0.4,1,0.786,0.1,0.2,0.1,0.342,0,0.4,-0.3,-0.5,0.6,10.4,4.6,1.3,0
0.194514087,11.7,0,5.5,26,0,23,2.6,0,0.602,0.3,1.3,1,0.48,0,5.3,0.3,-0.4,3.4,12.8,7.6,2.6,0
0.158715235,6.5,0,4.2,28,0,81,1.6,0,0.541,0.3,0.4,0.8,0.527,0,3,1.1,-1,1.9,10.8,2.9,3.1,0
0.071903649,1.8,0,2.3,29,0,31,1,0,0.455,0,0.2,0.3,0.377,0,1.4,-0.6,-0.6,0.6,7.7,3.7,2.7,0
0.019458725,2.9,0,2.5,30,0,55,0.6,0,0.483,0.2,0.4,0.5,0.505,0,1.1,1.3,-0.4,1.5,13.7,4.6,2.9,0
0.035430271,15.4,1,3.4,26,0,40,3.4,1,0.744,2,6.4,0.3,0.518,1,4.1,2.8,1.7,0.7,2.4,39.3,0.7,0
0.109090909,9.3,0,2.3,27,0,42,2.6,1,0.637,1.2,5,0.1,0.458,1,2.2,0.7,0.1,0.8,3.7,33.3,0.4,0
0.110096923,12.8,0,2.5,28,0,72,2.8,1,0.72,1.6,6.9,0.3,0.465,1,3.3,2.8,1.6,0.8,3,38.5,0.8,0
0.113248247,11.9,0,3,29,0,39,3.3,1,0.72,1.7,8.4,0.3,0.458,1,2.6,0.8,0.1,0.6,2,38.8,0.6,0
0.131297014,17.7,0,2.4,24,0,70,2.1,1,0.843,1.3,4.3,0.3,0.521,0,3.1,4.2,2.1,0.5,1.4,19.2,0.5,0
0.130909091,14.3,0,2.7,25,0,79,2.2,1,0.826,1.1,3.8,0.2,0.544,0,4.5,4.5,1.6,0.5,1.7,20.9,0.5,0
0.135503905,17.6,0,2.5,26,0,59,2.7,1,0.838,1,4.4,0.1,0.517,0,4.6,3.1,0.8,0.7,2.4,20.9,0.3,0
0.142369225,20.6,0,2.1,27,0,80,2.4,1,0.864,1,5,0.2,0.528,0,4.8,5,1.9,0.5,1.3,22,0.4,0
0.147239264,19.7,0,2.6,28,0,65,2.3,1,0.872,0.9,4.4,0.2,0.545,1,5.3,3.3,0.5,0.4,1,18.1,0.4,0
0.007678645,8.5,0,5,27,0,78,0.7,1,0.741,1,1.2,1.4,0.54,0,1.1,5.7,2.2,1.2,5,6.2,4,0
0.012125375,7.2,0,3.8,28,0,80,0.5,1,0.85,1.1,1.2,0.8,0.567,0,1,4.9,1.9,0.7,3.3,7,2.3,0
0.025214497,8.7,1,1.8,22,0,79,1.5,1,0.682,1,3,0,0.51,1,1.4,2.5,0.5,0.7,3.7,24.8,0.1,0
0.024024242,14.6,1,2.3,23,0,62,2.4,1,0.779,1.1,4.9,0.1,0.567,1,2.9,4.9,1.8,0.6,2.8,31.5,0.4,0
0.023941282,13,1,2.4,24,0,77,2.4,1,0.828,0.9,4.3,0.1,0.514,1,2.9,4,0.8,0.6,2.7,25,0.2,0
0.035261711,10.9,1,3.1,25,0,69,2,1,0.828,0.9,5.6,0.1,0.564,1,2.2,5.6,1.6,0.4,1.7,31.1,0.1,0
0.131220177,16.7,0,3,26,0,42,2,1,0.887,1.2,5.4,0.1,0.612,1,2.3,6,2.3,0.5,1.8,32.1,0.2,0
0.014133713,4.9,1,1.8,24,0,75,0.6,1,0.855,0.4,0.8,0.4,0.537,0,0.8,2.5,0.6,0.5,3.6,7.4,1.6,0
0.048484848,9.3,0,2.8,25,0,75,0.5,1,0.851,0.5,0.8,0.7,0.551,0,1.6,4,0.9,0.6,2.8,4.5,1.9,0
0.068336742,4.2,0,1.3,28,0,40,0.3,1,0.839,0.3,0.5,0.4,0.52,0,0.8,0.9,-0.1,0.3,2.3,4.7,1.8,0
0.123289264,8.1,0,3.5,28,0,50,1.4,1,0.865,1,1.8,0.5,0.5,0,2.2,2.3,0.5,0.9,3.9,10.3,1.3,0
0.1192,7.2,0,4.3,29,0,67,0.9,1,0.787,0.8,1.3,0.3,0.572,0,0.9,4.2,1,0.5,2.1,6.8,0.8,0
0.057630775,7.4,0,3.9,31,0,74,0.9,1,0.809,1,1.5,0.3,0.587,0,1.6,6.2,2.1,0.4,2.1,9.5,0.9,1
0.095177232,8.9,0,4.3,32,0,75,1.1,1,0.822,0.8,1.1,0.3,0.568,0,1.9,4.2,0.6,0.5,2.2,6,0.8,0
0.012703491,1.6,0,1.3,25,0,53,0.3,1,0.759,0.3,0.3,0.3,0.449,0,0.5,0.7,0.1,0.7,11.6,7,3.5,1
0.01408093,5.1,0,2.6,27,0,62,0.6,1,0.859,0.4,0.3,0.5,0.615,0,1.3,3,0.3,1.4,11.7,2.9,2.3,1
0.01584331,6.4,0,1.1,25,0,32,1.4,1,0.739,0.5,2.4,0,0.457,1,0.7,0.2,0,0.4,3,31.2,0.2,0
0.018085818,4.8,0,0.9,26,0,57,1.1,1,0.81,0.4,1.6,0,0.455,1,0.4,-0.1,-0.1,0.1,1.4,24.8,0.2,0
0.018819987,9.2,0,2,27,0,82,1.5,1,0.852,0.6,2.5,0,0.504,1,1.5,2,0.5,0.2,1.3,20.4,0.2,0
0.032895919,8.1,0,1.3,28,0,80,1.2,1,0.877,0.6,2.4,0.1,0.468,0,1,1.1,-0.3,0.3,2,20.4,0.3,0
0.020438612,5.8,1,2.3,22,0,73,0.7,1,0.737,0.8,1.1,0.1,0.528,0,1.6,2.9,0.4,1.7,10,9.3,0.5,1
0.020830266,5.5,1,1.8,23,0,68,0.6,1,0.676,0.8,0.8,0.1,0.562,0,1.5,2.7,0.7,1.2,8.7,7.1,0.5,0
0.041807158,6.8,1,2.9,23,0,77,1.5,1,0.584,0.9,2,0.5,0.513,0,2.2,2.6,0.2,2,8.2,11.6,1.3,0
0.049168162,6.4,1,2.8,24,0,77,1.3,1,0.589,0.8,1.9,0.6,0.5,0,2.2,3.1,0.6,2.1,9.5,11.6,2,1
0.098146231,4.1,0,2.3,25,0,55,1.1,1,0.456,0.8,1.2,0.5,0.473,0,1.2,1.2,0.2,2,10.2,7.9,1.8,0
0.101243933,3.7,0,1.7,26,0,73,0.9,1,0.527,0.5,0.9,0.3,0.433,0,1.3,0.1,-0.7,1.6,9.8,7.5,1.3,0
0.103091343,5.3,0,1.8,27,0,56,1.2,1,0.611,0.8,1.4,0.6,0.473,0,1.6,1.2,-0.2,2.3,10.4,8.7,1.8,0
0.021386667,6.7,1,1.8,22,0,79,1.3,1,0.8,0.5,2.8,0,0.528,0,2,1.2,-0.4,0.2,1.3,23.2,0.1,0
0.021416392,12,1,2.4,23,0,79,2.4,1,0.871,1.1,5.3,0.1,0.571,1,3.5,4.8,0.9,0.2,0.8,26.2,0.3,0
0.021883876,9.9,1,2.5,24,0,82,2.2,1,0.867,0.7,3.8,0,0.558,0,3,3.2,0.5,0.4,1.6,22.7,0,0
0.034127863,13.1,1,2.8,25,0,82,2.2,1,0.852,1.1,4.1,0.2,0.554,0,3.2,4.1,0.4,0.5,1.8,18.6,0.5,0
0.049415602,2.5,0,1.2,28,0,82,0.5,1,0.651,0.2,0.7,0.1,0.494,0,1,1.3,-0.2,0.9,9.5,9.5,0.7,0
0.042243394,1.7,0,1.1,29,0,70,0.3,1,0.622,0.1,0.5,0.1,0.515,0,1.1,1,-0.3,0.6,7,6.8,0.7,0
0.035349387,1.5,0,0.7,30,0,26,0.3,1,0.727,0.1,0.3,0,0.502,0,0.4,0.2,-0.2,0.8,11.9,4.9,0.4,0
0.042852063,10.2,0,3.4,23,0,54,1.1,1,0.839,0.9,1.7,0.2,0.475,0,2.2,1.7,-0.2,0.8,2.9,9.3,0.4,0
0.040627879,9.3,0,2.7,24,0,21,1,1,0.833,0.8,1.3,0,0.499,0,1.4,0.7,0.1,0.9,4.2,8.7,0.2,0
0.048256836,7.2,0,2.1,25,0,81,0.7,1,0.845,0.6,1,0.2,0.502,0,1,1.5,-0.3,0.5,2.9,7.7,0.6,0
0.032549421,8.7,0,3.2,27,0,74,0.7,1,0.692,0.7,0.7,0.1,0.537,0,0.7,2.1,-0.1,0.4,1.7,4.9,0.3,0
0.043033143,6.4,1,4.2,26,0,80,1.1,1,0.656,0.9,1.3,0.9,0.471,0,2.6,3.9,-0.6,1.9,7.1,6.7,2.3,0
0.109155924,2.1,0,2.8,28,0,80,0.9,1,0.465,0.5,0.6,0.5,0.408,0,1.6,0.6,-1.8,1.1,5.8,3.5,1.6,1
0.105657805,1.8,0,1.4,30,0,31,0.4,1,0.464,0.3,0.4,0.4,0.346,0,0.9,-0.2,-0.6,0.9,7.5,3.7,2.4,0
0.031912469,9.5,0,2.5,26,0,74,1.4,1,0.785,1.3,5,0.2,0.534,1,2.7,4.8,1.5,0.2,1,32,0.6,0
0.031111111,3.3,0,0.9,27,0,66,0.7,1,0.661,0.5,1.1,0.1,0.444,1,0.8,0.1,-0.6,0.2,1.7,13.4,0.4,0
0.004566482,6.9,0,2.3,28,0,36,1.1,1,0.894,1.2,2.9,0,0.509,1,1.3,1.5,0.2,0.4,2,19.8,0.1,0
0.041344598,2.9,0,0.9,29,0,57,0.5,1,0.844,0.5,1.5,0.1,0.413,1,0.8,0.4,-0.2,0.1,1,19.3,0.4,0
0.042331288,2,0,0.8,30,0,39,0.6,1,0.783,0.3,1.2,0.1,0.375,1,0.6,-0.3,-0.3,0.3,4.2,20.9,0.9,0
0.014133713,8.5,1,1.6,23,0,81,0.6,1,0.824,0.5,0.8,0.1,0.486,0,1,1.3,-0.1,0.4,2.3,7.3,0.3,0
0.022222222,4.1,0,1.2,24,0,51,0.4,1,0.848,0.1,0.7,0.1,0.54,0,0.6,1.2,-0.1,0.2,2.2,8.6,0.3,0
0.022358144,10.9,0,2.3,25,0,67,1,1,0.892,0.6,1.2,0,0.613,0,1.1,4.2,0.7,0.4,1.8,7.9,0.1,0
0.098576687,8.2,0,1.7,27,0,80,0.9,1,0.81,0.3,1.3,0,0.525,0,0.5,0.8,-0.6,0.3,1.7,9.1,0.1,0
0.018295758,2.3,1,0.6,22,0,26,0.4,1,0.333,0.2,0.1,0.2,0.414,0,1.6,-0.2,-0.3,0.5,8.9,3.1,2.3,1
0.018320128,5,1,1.5,23,0,67,0.8,1,0.526,0.4,0.2,0.9,0.518,0,2,1.8,0,1.3,11.1,2.5,4.9,0
0.031996796,5.8,1,2,25,0,78,0.6,1,0.532,0.3,0.3,0.8,0.58,0,2,4.1,0.5,2.2,14,2.8,3.5,0
0.179573495,23.2,0,4.4,25,1,75,2.2,1,0.673,1.3,3.1,0.5,0.538,0,5.5,7.3,3.7,1.4,4,15.6,1,0
0.188199849,16,0,3.7,26,1,51,1.6,1,0.657,1.1,3.4,0.6,0.512,0,2.7,3,1.2,1.4,4.6,16,1.4,0
0.199732339,21.8,0,4.4,27,1,82,2,1,0.752,1.4,3.1,0.7,0.554,0,4,7.4,4,1,2.9,15.2,1.4,0
0.208285975,16.8,0,3.4,28,1,72,1.3,1,0.769,1.1,2,0.4,0.571,0,2.8,5.8,2,1.1,3.9,9.8,0.9,0
0.170959654,12.4,0,1.9,27,0,80,1.8,1,0.844,1.4,5.4,0.2,0.606,1,2.2,8.5,3.2,0.5,1.8,28.8,0.5,0
0.134680141,17.1,0,1.6,28,0,80,1.7,1,0.8,1.3,3.8,0.3,0.575,1,2.6,9.6,3.7,0.4,1.4,19.6,0.7,0
0.159949667,15.5,0,2.2,30,0,82,1.1,1,0.857,1.1,3.2,0.2,0.574,0,2.7,8.6,3.3,0.4,1.4,17.5,0.5,0
0.156714383,19.6,0,1.9,31,0,74,1.6,1,0.88,1.3,3.4,0.3,0.571,0,3,7.3,3.1,0.5,1.8,17.6,0.6,0
0.032274029,11.1,1,4.5,22,0,82,1.8,1,0.692,0.6,1.1,0.7,0.54,0,3.5,2.7,-1.3,2.9,11.8,6.8,1.9,1
0.023725971,6.5,1,2.3,21,0,75,0.8,1,0.66,0.4,0.3,1,0.534,0,2.2,2,-0.3,1.6,12,3.4,5.4,0
0.004166036,1.2,0,0.1,25,0,10,0.1,1,0,0.1,0,0,0.5,0,0,0,0,0.1,6.2,0,0,0
0.101010101,5.9,0,5.6,29,0,63,1,1,0.604,0.7,0.8,0.4,0.581,0,2.5,5.7,0.8,3.6,16.9,5.1,1.2,0
0.103509928,4.3,0,4.7,30,0,75,0.9,1,0.639,0.8,0.8,0.5,0.513,0,1.6,4.5,0.5,3.4,16.5,5,1.6,0
0.098867518,6.4,0,5.2,31,0,77,0.8,1,0.593,0.7,1.7,0.4,0.568,0,1.9,6.5,1.2,3.4,14.9,10.1,1.3,0
0.054973935,10.5,1,3.5,21,0,80,2,1,0.744,0.6,1.5,0.6,0.491,0,3,0.2,-1.2,1.3,4.9,8.2,1.6,0
0.056026585,16.5,1,5.1,22,0,78,2.2,1,0.788,1,2,0.4,0.536,0,3.9,4.2,0.6,1.5,4.7,9.1,0.8,1
0.032351037,6.5,0,2,25,0,71,1,0,0.763,0.6,1.5,0.1,0.518,0,2.4,1.7,-0.1,0.4,2.3,12,0.3,0
0.043982101,4.3,0,1.5,26,0,58,0.7,0,0.747,0.6,1.1,0,0.482,0,1.5,0.8,0,0.4,3,11,0.1,0
0.039118609,6.7,1,4.5,23,0,80,1,1,0.676,0.6,1.3,1.4,0.594,0,2.3,6.4,1.5,3.1,14.5,8.1,4.1,0
0.040952965,4.7,1,1.2,22,0,59,0.9,0,0.699,0.3,0.7,0.5,0.494,0,1.4,0.4,-0.3,0.7,6.9,9.5,3.4,0
0.053771461,17.1,1,3.7,23,0,82,1.8,1,0.75,1,3.5,0.3,0.556,0,2.2,7.6,2.4,1.5,4.2,13.2,0.5,0
0.242424242,20.2,0,2.9,24,0,82,3.3,1,0.791,1.3,6.5,0.4,0.537,0,4,6,2.5,1.2,3.4,29.1,0.7,0
0.239845469,25,0,3.3,25,0,57,3.1,1,0.748,1.1,4.4,0.2,0.558,0,5.5,5.1,2.7,0.9,2.7,21.8,0.4,0
0.242465882,21.7,0,3.5,26,0,82,2.7,1,0.834,1,5.8,0.2,0.535,0,4.6,7,2.7,1,2.9,25.5,0.4,0
0.24254545,21.4,0,3.6,27,0,79,2.5,1,0.826,1.1,5.8,0.2,0.534,0,4.6,7.6,3.1,0.8,2.4,26.4,0.5,0
0.012125375,2.2,1,1.7,26,0,65,0.6,0,0.652,0.3,0.4,1.4,0.521,0,0.7,1.7,-0.2,1.4,10.1,3.7,7.2,0
0.031515152,6.1,0,4.4,26,0,56,1.4,1,0.532,0.4,0.8,2.3,0.561,0,2.8,2.3,0.5,2.6,12.4,5,7.1,0
0.098146231,2,0,2.5,27,0,43,0.9,1,0.37,0.2,0.3,1.6,0.467,0,0.6,0.3,-0.3,1.4,10.3,2.6,7.6,0
0.103587543,4.8,0,5.9,28,0,77,1.2,1,0.68,0.2,0.4,1.2,0.611,0,1.6,4.3,0.1,2.5,12.7,2.3,4,0
0.107534935,5.5,0,6.3,29,0,82,1,1,0.663,0.4,0.3,1.2,0.652,0,2.1,6.6,1.4,2.5,12.8,2,3.9,0
0.013914451,0.7,1,0.3,25,0,3,0,1,0,0,0.3,0,0.5,0,0,0,0,0,0,28.7,0,1
0.028048485,6.7,0,2.3,23,0,80,1.2,1,0.812,0.5,0.8,0.2,0.564,0,1.7,1.3,-0.7,0.7,4.2,6,0.6,0
0.028087701,6.4,0,2.4,24,0,79,0.6,1,0.84,0.4,0.6,0.1,0.564,0,1.7,3,0,0.7,4.9,5.4,0.2,0
0.041737969,7.7,0,2.5,26,0,78,0.9,1,0.825,0.4,0.6,0.2,0.542,0,2.1,2.2,-0.6,1.2,7.3,5,0.6,0
0.018921212,5.2,1,2.8,20,0,68,0.9,0,0.627,0.4,0.2,0.8,0.53,0,1.1,1,-0.9,1.6,10.1,1.8,3.1,0
0.018947963,6.2,1,3,21,0,81,1,0,0.649,0.5,0.6,0.6,0.532,0,1,1.7,-0.6,1.1,7.2,4.8,2.4,0
0.019362215,6,1,3.8,22,0,72,1,0,0.736,0.5,0.4,0.6,0.453,0,1.2,0.4,-1,1.4,8.2,3.8,2.3,0
0.033058845,3.3,1,2.4,23,0,49,0.6,0,0.552,0.4,0.3,0.3,0.429,0,0.6,0.2,-0.5,0.9,8.7,4.5,2,0
0.013173991,3.3,0,0.6,24,0,47,0.3,1,0.789,0.4,0.7,0,0.468,1,0.4,0.6,0.1,0.2,2.7,15.1,0,0
0.021100524,4.1,1,1.9,25,0,58,0.9,1,0.729,0.7,2,0.2,0.511,0,0.8,1.4,0.2,0.2,1.3,17.5,1,0
0.033717192,7.5,1,2.1,26,0,82,1.5,1,0.775,0.9,2.7,0.2,0.508,0,2.4,1.7,-0.3,0.6,2.7,16.7,0.5,0
0.086980232,18.3,0,3.5,29,0,79,2.1,1,0.83,1.1,3.2,0.3,0.58,0,4.4,5.6,1.7,0.7,2.3,14.5,0.6,0
0.017674226,4.4,1,1.3,20,0,72,1,1,0.711,0.6,1.9,0.1,0.515,1,0.5,0.9,0.1,0.3,2.4,19,0.5,0
0.018147762,9.1,1,1.8,21,0,82,1.3,1,0.679,0.9,2.7,0.1,0.563,1,1,3.9,1.4,0.5,2.7,20.5,0.2,0
0.018404908,6.4,1,1.5,22,0,65,1.3,1,0.584,0.9,2.4,0.2,0.466,1,1.2,0.8,-0.2,0.3,2.1,18.6,0.6,0
0.044242424,5.5,0,1.7,24,0,64,1.6,0,0.848,0.7,4.5,0.1,0.495,0,1.4,0.9,-0.3,0.5,2.4,29.1,0.2,0
0.044429337,11.2,0,2.5,26,0,82,1.5,0,0.908,1.1,8.3,0.1,0.607,1,1.5,10.2,4.1,0.4,1.6,42.3,0.2,0
0.12675559,12.8,0,2.6,27,0,68,2.1,0,0.981,1.1,8.9,0.1,0.613,1,2.3,7.5,2.8,0.2,0.8,41,0.2,0
0.019835513,4.2,0,1.8,22,0,61,0.5,1,0.544,0.2,0.2,0.3,0.587,0,1.7,1.7,-0.2,1,11.4,2.6,2.5,1
0.020367428,8.2,0,4.5,23,0,70,1,1,0.456,0.5,0.8,0.9,0.543,0,3.1,3.7,0.1,2.7,12.5,5.3,2.7,1
0.020656442,4.2,0,2.5,24,0,62,0.5,1,0.376,0.4,0.5,0.8,0.513,0,1.4,1.8,0.1,1.7,12.3,5,3.9,0
0.056766811,10.1,1,3.6,21,0,80,1.3,1,0.823,0.9,1.9,0.4,0.543,0,2.9,4.6,0.8,2.4,9.1,10.4,1.1,0
0.053898937,13,1,3.9,23,0,55,1.5,1,0.795,1.1,2.3,0.7,0.586,0,3.8,5.5,1.9,2.2,7.2,10.8,1.4,0
0.065278609,11.8,0,2.6,24,0,76,1.3,1,0.807,0.9,1.5,0.6,0.647,0,3.6,7.6,2.3,2.3,9,8.5,1.4,0
0.014133713,2.8,0,1.2,24,0,42,0.4,1,0.824,0.2,0.3,0.1,0.494,0,0.4,0.5,0,0.7,9.8,6,1,1
0.019686346,12.6,1,4.1,24,0,76,1.6,1,0.733,1.5,1.4,0.6,0.535,0,3.1,6.4,2,2.2,7.9,7.2,1.5,0
0.018664242,15.6,1,4.2,25,0,59,1.3,1,0.734,1.2,1.9,0.4,0.536,0,4.5,6.7,2,2.1,7.9,10.4,1,0
0.031384266,18.9,1,4.9,26,0,70,1.8,1,0.827,1.2,1.8,0.8,0.548,0,4.2,8.8,3.2,1.9,6.5,9.2,1.7,0
0.169478528,18,0,3.9,28,0,52,1.7,1,0.782,1.1,1.6,0.6,0.532,0,4.2,3.2,0.8,1.1,4.1,8.6,1.3,0
0.007678645,1.5,1,1,20,0,8,0.3,1,0,0.1,0.3,0,0.6,0,0,0.1,0,0.3,8.4,13.7,0,1
0.012125375,2.4,1,1.5,21,0,33,0.4,1,0.769,0.4,0.5,0.5,0.451,0,0.4,0.4,0,0.8,10.2,8.4,4.3,1
0.01401244,3.1,0,1.7,24,0,37,0.8,1,0.714,0.1,0.6,0.3,0.52,0,1.1,0.3,-0.4,0.6,7.4,8.7,2.6,1
0.01438073,5.5,0,3.4,25,0,64,1,1,0.724,0.2,0.7,0.4,0.5,0,1.4,1.1,-0.9,1.8,10.7,6.4,1.4,0
0.014569819,4.2,0,1.8,26,0,60,0.9,1,0.76,0.2,0.5,0.3,0.479,0,0.8,0.6,-0.8,1.2,11.6,5.6,1.9,1
0.027489226,16.4,1,6.3,21,0,72,3.2,1,0.693,1.4,3.3,2.9,0.506,0,5.4,4.4,2.7,2.3,7.4,16.3,6.1,0
0.040329732,17.2,1,6.2,22,0,81,3,1,0.71,1.5,3.4,2.8,0.52,0,5.8,5.8,3.7,2,6.6,16.6,5.9,1
0.031262988,3.9,1,1.5,20,0,57,0.6,1,0.635,0.5,0.7,0.2,0.581,0,0.9,1.7,0.6,0.6,5.9,9.5,1.5,0
0.031860941,4.4,1,2,21,0,54,0.8,1,0.567,0.6,0.8,0.4,0.479,0,0.6,0.8,0.2,0.9,7.2,9.4,2.1,0
0.014133713,9.6,0,2,24,0,74,1.6,1,0.727,0.9,1.8,0.1,0.465,0,2.5,0.1,-0.9,1,4.6,12.6,0.3,0
0.017563091,8.6,0,2.8,25,0,72,1.3,1,0.683,1,1.8,0.1,0.497,0,2.6,2.3,0.3,0.8,3.3,11.2,0.4,0
0.047238167,5.1,0,1.3,26,0,59,0.8,1,0.746,0.5,1,0,0.546,0,1.1,1.7,0.1,0.3,2,9.5,0.2,0
0.043861226,8.7,0,2.7,27,0,82,0.6,1,0.736,0.7,1.3,0.1,0.559,0,1.3,4.9,1.4,0.5,2.3,7.1,0.3,0
0.043711656,5.6,0,2.6,28,0,65,0.6,1,0.912,0.7,1,0.1,0.521,0,0.9,2.5,0.5,0.5,2.8,7.7,0.2,0
0.025252525,5.6,0,1,26,0,66,1.2,1,0.797,0.6,2.3,0.1,0.464,1,2,0.6,-0.8,0.2,1.1,20.7,0.6,0
0.025406982,4.8,0,0.8,27,0,48,1,1,0.885,0.5,1.9,0.1,0.52,1,1.6,0.8,-0.2,0.1,0.6,18.7,0.5,0
0.012357649,8.5,0,2.7,24,0,81,0.7,0,0.717,0.6,0.9,0.4,0.534,0,1.7,3.4,0.5,1.3,6.4,6.1,1.4,0
0.019954411,2.5,1,2.1,20,0,60,0.7,1,0.638,0.2,0.4,0.6,0.515,0,1,0.7,-0.3,0.9,11.5,5.8,5.1,0
0.018918788,5.2,1,3.9,21,0,68,1.6,1,0.615,0.3,1,1.5,0.548,0,1.9,2.3,0.2,2.1,13.1,8.1,6,0
0.031794655,4.5,1,3.6,22,0,72,1.6,1,0.6,0.3,1.3,1.3,0.518,0,1.4,1.4,-0.3,1.6,8.4,9.4,4.7,0
0.080548481,6.9,0,4.2,23,0,78,1.6,1,0.623,0.4,1.1,1.5,0.632,0,2.3,6.2,1.2,1.9,9.6,6.8,4.9,0
0.078031357,8.5,0,5.5,24,0,76,2.2,1,0.6,0.3,1.3,2,0.591,0,2.1,5.6,1.2,2.7,11.5,6.5,5.3,0
0.136767723,12.4,0,4.8,27,0,73,1.8,1,0.762,0.9,2.1,0.2,0.515,0,3.1,4.3,0.3,2.5,9.5,11.7,0.6,1
0.131313131,9.1,0,5.1,28,0,82,1.6,1,0.676,0.9,2,0.5,0.539,0,2.5,5.5,1.1,2.4,10.3,12,1.2,1
0.135268655,5.3,0,3.9,29,0,62,1.5,1,0.513,0.7,1.2,0.3,0.492,0,1.2,1.2,-0.3,2.2,10.9,8.4,0.9,1
0.145918541,0.8,0,1.4,31,0,8,0.1,1,0,0.8,0.1,0.1,0.375,0,0,0.1,0,0.5,7.5,2.3,1.2,1
0.215512788,15.5,0,5.2,27,0,70,2.1,1,0.646,1.4,2.4,1.1,0.521,0,4.4,5.3,1.8,2.1,7.4,13,2.6,1
0.21487604,12.9,0,4.6,28,0,56,1.3,1,0.712,0.8,1.4,0.9,0.533,0,3,3.8,0.8,1.7,7.1,8.8,2.5,1
0.227123026,9.5,0,7,29,0,2,2.5,1,0.25,0,0.5,0,0.446,0,6,0,-0.1,3,10.9,2.4,0,1
0.245940968,11.7,0,4.8,31,0,66,1.6,1,0.604,1.5,2,1.1,0.523,0,3,4,1.2,1.2,4.6,10,2.7,1
0.076415133,25.3,1,5.5,20,0,74,3,1,0.863,1.3,2.8,0.7,0.577,0,7.1,7.9,3.8,1,3,13.5,1.4,0
0.05391411,11.1,1,5.7,20,0,81,1.5,1,0.789,0.4,1,0.6,0.538,0,4.1,5.3,0.4,3.4,15.1,6.8,1.9,0
0.019877821,2.9,1,0.6,21,0,45,0.5,1,0.655,0.4,0.5,0.1,0.464,1,1.2,0.1,-0.2,0.6,7.1,6.8,0.5,0
0.018938182,10.8,1,2.8,22,0,72,1.1,1,0.847,0.8,1.3,0.1,0.604,0,3.1,5.5,1.2,0.8,3.6,8.3,0.3,0
0.018873436,20.2,1,3.4,23,0,80,1.7,1,0.844,1.2,2.2,0.1,0.614,0,7.1,10.2,3.4,0.9,2.8,10.9,0.3,0
0.032502624,23.7,1,3.7,24,0,61,2.1,1,0.869,1,2.1,0.1,0.618,0,9.5,8.4,2.4,0.8,2.6,10.1,0.2,0
0.149289963,24.6,0,3,25,0,51,2.9,1,0.867,1.2,2.7,0.2,0.601,0,10.3,4.7,1.3,0.6,1.7,12.3,0.3,0
0.062626263,9.4,0,1.3,25,0,50,1.6,1,0.835,1,2.2,0.1,0.513,1,2.4,1.1,-0.2,0.2,1.2,16.7,0.3,0
0.063009316,7.9,0,1,26,0,66,1.1,1,0.809,0.8,1.7,0.2,0.501,0,2.1,2.1,0.3,0.3,1.9,13.1,0.8,0
0.064641381,8.1,0,1.3,27,0,72,0.8,1,0.845,0.5,1.8,0.1,0.572,1,2.7,3.7,0.5,0.1,0.6,16,0.3,0
0.056237219,9.7,0,1.7,28,0,77,1.4,1,0.825,0.9,3.5,0.1,0.562,1,2,3.7,0.7,0.3,1.4,21.3,0.3,0
0.050785455,15.9,1,3.2,25,0,81,2.3,1,0.815,1.2,6.3,0.3,0.528,1,3.9,7.6,2.8,0.4,1.1,28.9,0.6,0
0.060085217,16.6,1,3,26,0,80,2.4,1,0.835,1.3,6.3,0.3,0.559,1,3.6,10.1,3.5,0.4,1.3,29.2,0.6,0
0.202229013,11.5,0,2.9,27,0,75,2.1,1,0.831,1.2,6,0.3,0.501,1,1.9,3.6,0.7,0.4,1.3,30.9,0.6,0
0.170415815,9.9,0,2.1,28,0,51,1.7,1,0.791,1.3,3.9,0.4,0.551,0,1.7,2.6,1,0.3,1.4,22.7,1,0
0.019245399,4.7,1,1.8,19,0,48,0.5,1,0.706,0.3,0.4,0.6,0.54,0,1.1,1.3,0.1,1,10.6,5.7,4.3,0
0.033767951,4.1,1,1.9,19,0,67,0.8,1,0.436,0.4,0.6,0.3,0.419,0,1.5,-0.3,-0.6,1.1,10.1,8.5,1.7,1
0.032169697,3,1,1.6,20,0,62,0.5,1,0.523,0.4,0.5,0.3,0.406,0,1,0.2,-0.4,0.9,10.9,8.6,2.2,1
0.045351663,5.7,1,2.4,22,0,70,0.7,1,0.605,0.4,0.4,0.4,0.512,0,1.8,1.8,-0.1,1.3,11.4,4.9,2.5,1
0.12222186,7,1,3.2,22,0,42,1.6,1,0.574,0.6,0.9,0.4,0.497,0,3.1,0.6,-0.5,1.7,8.6,6.8,1.2,1
0.151515152,7.4,0,4,23,0,72,1.4,1,0.545,0.4,1,0.6,0.545,0,3.3,3.6,-0.3,2.5,10.8,5.6,1.8,0
0.163131404,4.8,0,3.6,25,0,38,1.3,1,0.408,0.6,1.2,0.6,0.497,0,2.6,0.6,0,1.3,8.1,9,2.3,0
0.068166326,4.2,0,3.4,26,0,58,0.9,1,0.516,0.4,0.6,0.4,0.546,0,2.1,1.9,-0.1,1.6,10.7,4.9,1.9,0
0.014133713,11.5,1,4.1,23,0,82,1.3,1,0.854,1.3,2.2,0.4,0.588,0,1.2,6.6,2.3,0.5,1.7,11,1,0
0.075622132,14.4,0,3.1,25,1,74,1.6,1,0.914,0.8,1.4,0.3,0.569,0,2.8,4.6,1.1,0.4,1.6,8,0.7,0
0.079094014,9.9,0,2,26,1,75,1,1,0.915,0.6,1.3,0.4,0.585,0,1.7,4.2,1,0.3,1.5,8.8,1.4,1
0.084472018,9,0,2.9,27,1,78,1.2,1,0.882,0.6,1.8,0.4,0.572,0,1.6,3.7,1,0.4,2.2,11.1,1.3,0
0.01955204,9.6,1,2.5,21,0,82,1.5,1,0.698,1.1,3.6,0.3,0.531,1,4.2,3.4,0.6,0.5,2.2,21.8,0.8,0
0.013481934,1.6,1,1.2,21,0,9,0.9,0,0.5,0,0.2,0.3,0.394,0,0.4,0,-0.2,1.6,24.6,3.8,3.5,0
0.013803681,2.3,1,1.1,22,0,21,0.4,0,0.333,0.3,0.2,0.7,0.542,0,1,0.3,-0.1,0.7,10.7,3.9,7.6,0
0.240451242,15.2,0,8.1,25,0,64,2.5,1,0.695,0.7,3.7,1,0.539,0,4.7,4.7,2,2.1,6.6,17.9,2.1,1
0.231622889,14.8,0,7,26,0,80,2.7,1,0.69,0.9,5.5,0.8,0.558,0,3.9,9.2,3.9,2.3,6.6,22.4,1.5,1
0.232400414,15.9,0,7.9,27,0,56,2.9,1,0.7,0.9,4.8,0.6,0.552,0,5.1,4.7,1.7,1.8,5.5,19.5,1.1,1
0.238155599,14.2,0,8.1,28,0,77,2,1,0.698,1,3.5,0.9,0.582,0,4.3,9.7,3.2,2.6,7.8,13.8,1.8,1
0.241114451,11.3,0,5.9,29,0,78,1.8,1,0.623,1,2.6,1.3,0.542,0,3.3,6.9,2.4,2.3,8.7,12.8,3.3,1
0.075794109,9,1,2.7,21,0,63,0.7,1,0.722,0.3,0.4,1.2,0.533,0,1.8,3.4,0.2,2.3,12.6,3.2,4.2,0
0.077824196,17.8,1,4.7,22,0,76,1.7,1,0.762,0.7,1.6,1.2,0.523,0,3.9,6.2,1.5,2.9,9.8,8.8,2.8,1
0.07892638,18.1,0,4.6,23,0,81,1.5,1,0.781,1,1.9,1,0.529,0,4.1,9.5,2.5,2.9,9.5,9.3,2,1
0.0188,13.1,1,2.1,23,0,57,1.6,0,0.755,0.8,2.8,0.1,0.589,0,2.6,3.8,0.8,0.5,2.2,14.4,0.3,0
0.103953647,14.2,0,2.1,26,0,70,1.3,0,0.881,1.2,2.3,0.1,0.588,0,2.8,5,1.7,0.5,2.4,14.9,0.3,0
0.098480966,27.2,1,6,20,0,80,3.3,1,0.75,2.2,7.2,0.7,0.554,0,8,14.3,9.1,1.4,3.8,32.9,1.1,0
0.093369697,31.4,1,6.1,21,0,79,3.3,1,0.738,1.6,6.6,0.8,0.568,0,10.3,16.3,9.4,0.9,2.6,32.8,1.5,0
0.109684577,27.3,1,5.7,22,0,78,3.2,1,0.698,1.6,6,0.7,0.552,0,9,13.7,8.1,1.1,3,29.1,1.3,0
0.234428366,30,0,6.1,23,0,75,3.4,1,0.712,1.8,7.2,1.1,0.568,0,10.3,15.2,9.8,1.8,4.9,37.3,2.1,0
0.24557909,28.4,0,6.3,24,0,81,3,1,0.78,1.7,7.2,1.1,0.591,0,9.4,20.3,11.8,1.3,4.3,38,2.4,0
0.008130234,4.2,0,1.9,23,0,63,0.7,1,0.736,0.2,0.2,0.3,0.549,0,2.3,1.7,-0.3,1.5,15.8,2.3,2.4,0
0.012357649,7.9,0,2.4,24,0,56,0.8,1,0.71,0.3,0.3,0.3,0.629,0,3.4,4.3,0.5,1.7,14.9,3.3,1.6,0
0.013592042,7.7,0,2.9,25,0,70,1.1,1,0.689,0.3,0.7,0.5,0.591,0,3.8,4.9,0.5,2.1,15.1,6,2.5,1
0.017764848,3.5,1,1.3,21,0,61,0.3,0,0.704,0.2,0.2,0.2,0.51,0,1.3,1.2,-0.2,0.6,8.7,4.6,1.9,1
0.017791663,7.6,1,2.4,22,0,79,1,0,0.852,0.4,0.6,0.2,0.561,0,1.7,2.8,-0.2,1,5.9,4.5,0.7,1
0.018180119,11.1,1,3.1,23,0,79,1.1,0,0.77,0.6,1.2,0.2,0.585,0,2.7,4.7,0.5,1.2,5.4,7.5,0.7,0
0.031092246,9.9,1,2.9,24,0,82,1,0,0.725,0.4,0.8,0.2,0.552,0,2.5,3.6,0.2,1.1,6,5.7,0.6,0
0.001411499,1.5,0,1.4,24,0,11,0.5,1,0.4,0.1,0.1,0.7,0.412,0,0.9,0.1,-0.1,1.2,17.6,1.7,6.9,1
0.012357649,1.1,0,0.3,25,0,16,0.1,1,0.286,0.1,0,0.1,0.472,0,0.4,0.1,-0.1,0.4,12.9,0,1.2,1
0.013592042,4.2,0,1.9,26,0,76,0.7,1,0.442,0.4,0.4,0.9,0.53,0,1.6,1.8,-0.1,1.7,14.9,3.7,4.6,1
0.012500405,4.3,0,0.9,20,0,61,0.8,1,0.696,0.4,1.8,0,0.521,1,1.5,1.1,0.3,0.3,3,26.5,0.1,0
0.013852418,11.5,0,1.6,21,0,80,1.6,1,0.783,1,3.2,0.2,0.523,1,3.6,4.4,1.6,0.5,2.6,22.6,0.6,0
0.076687117,12.8,0,1.6,22,0,81,1.9,1,0.79,1,3,0.2,0.513,0,4.8,3.4,1.3,0.4,2.2,21.6,0.6,0
0.012900477,7.2,0,3.6,22,0,82,1.2,0,0.729,1.1,1.1,0.5,0.516,0,2.3,4,0.6,2.3,10.1,6.3,1.8,1
0.052309905,10.3,1,4.3,27,0,82,1.3,0,0.668,0.7,1.3,0.2,0.548,0,2.9,6.5,1,2.1,9.9,8.9,0.7,1
0.052840269,12.7,1,6.3,28,0,82,1.5,0,0.76,0.8,1.5,0.1,0.572,0,3.1,8.6,1.6,2.4,9.8,8.6,0.3,1
0.041457032,2.9,0,0.4,23,0,10,0.2,1,0.833,0,0.3,0,0.489,0,0.6,0.1,0,0.2,5.4,13.4,0,0
0.039498182,2.7,0,0.7,24,0,36,0.9,1,0.788,0.3,0.7,0.1,0.482,0,0.9,0,-0.2,0.4,6,12.4,0.5,0
0.000762228,3.7,0,0.6,25,0,13,0.5,1,0.556,0.4,1,0.1,0.511,0,0.7,0.1,-0.1,0.2,1.7,14.9,0.6,0
0.00502274,5.6,0,1.9,26,0,14,0.6,1,0.696,0.6,1.2,0,0.438,0,1.6,0,-0.1,0.5,3.6,12.6,0,0
0.034903123,10,1,1.8,23,0,82,1.8,1,0.883,1.1,5.9,0.3,0.504,1,2.2,5.4,1.8,0.7,2.6,30.6,0.7,0
0.045654992,11,1,1.9,25,0,71,2.2,1,0.805,1.2,5.2,0.3,0.509,1,2.2,2.3,0.2,0.4,1.6,28.2,0.7,0
0.11684343,6.4,0,1.3,26,0,61,1.3,1,0.857,0.6,4,0.2,0.482,1,1.5,0.9,-0.4,0.2,1.2,29.5,0.8,0
0.110770279,9.6,0,2.6,27,0,72,1.8,1,0.869,1.3,5.1,0.2,0.5,1,2.1,3.4,1,0.5,1.8,28.2,0.7,0
0.025252525,5,0,2.3,25,0,69,1.1,1,0.75,0.6,2.3,0.2,0.477,0,1.1,2,0.3,1.3,7.8,17.9,0.9,0
0.025877482,11.4,0,3.6,26,0,60,2,1,0.745,1,4.3,0.4,0.551,0,2.4,3.8,1.2,1.5,5.2,20.2,0.8,0
0.071903649,7.2,0,2.8,27,0,74,1.4,1,0.706,0.8,2.9,0.2,0.509,0,1.5,3.2,0.7,1.1,5.7,18.1,0.8,0
0.07532379,5,0,1.9,28,0,65,1.1,1,0.719,0.5,2.7,0.2,0.491,0,0.9,2,0.3,0.8,5.4,21.1,0.7,0
0.049372121,14.3,1,5,20,0,78,1.3,0,0.75,0.9,1.9,0.6,0.517,0,3.5,6.5,2.4,1.6,5.6,9.7,1.5,0
0.049203726,18.8,1,5.3,21,0,82,1.9,0,0.777,1.2,2.5,0.6,0.56,0,4.4,11.3,3.9,1.8,5.5,11.8,1.2,0
0.059686123,17,1,4.1,22,0,63,1.9,0,0.77,0.9,2.5,0.5,0.528,0,4.2,4.4,1.1,2.2,7,13.2,1.1,0
0.020168974,7.6,0,1.6,25,0,73,1,1,0.815,0.6,1.9,0.1,0.543,0,1.1,3.5,1,0.2,1.5,16.4,0.5,0
0.033442025,4.7,0,1.4,26,0,32,0.8,1,0.792,0.5,1.8,0.1,0.482,1,0.8,0.6,0,0.2,1.4,18.1,0.3,0
0.044463757,5.4,0,1.6,26,0,36,0.5,1,0.929,0.3,0.5,0.6,0.512,0,0.8,1.1,0,1.1,9,5.7,3.2,1
0.033737374,4.9,0,1.8,27,0,54,0.6,1,0.605,0.3,0.4,0.3,0.504,0,0.7,1,-0.1,0.8,7.2,4.9,1.8,1
0.022154056,3.2,0,1.4,30,0,49,0.4,1,0.476,0.1,0.7,0.2,0.435,0,0.4,0.3,-0.4,0.7,6.8,9.5,1.7,1
0.150524276,16,0,3.4,27,0,74,2.3,0,0.803,1.6,3.9,0.4,0.609,0,6,11,4.9,1,4,23,0.9,0
0.150079535,15.1,0,2.9,28,0,65,1.9,0,0.778,1.6,3.6,0.4,0.593,0,5.5,8.8,4.1,0.6,2.8,22.2,1,0
0.155347229,16.5,0,3.6,29,0,75,2.1,0,0.86,1.5,3.5,0.4,0.609,0,5,10.6,5.1,0.8,3.6,22.6,1,0
0.163217886,19.5,0,3.9,30,0,74,2.7,0,0.86,1.5,4.5,0.4,0.612,0,6,11.1,6,0.9,3.3,26.4,1.1,0
0.168801091,15.5,0,4,31,0,44,2,0,0.884,1.5,3.6,0.4,0.594,0,4.3,5,2.4,0.5,2.5,23.1,1,0
0.052715286,11.9,1,4.9,24,0,82,2,0,0.733,0.8,1.7,1.1,0.59,0,4.6,6.4,1.2,2.5,9.6,9.7,2.9,0
0.096307271,12,0,2.7,30,0,81,1.6,1,0.828,0.4,1,0.2,0.548,0,4.3,4.6,0.1,2.3,10.4,7.2,0.7,0
0.091747436,7.3,0,2.3,32,0,56,1.2,1,0.874,0.4,1,0.1,0.471,0,1.8,0.7,-0.4,1.1,6.8,9.6,0.5,1
0.007678645,3,1,1.3,23,0,6,0.3,0,0.667,0.2,0.3,0.2,0.491,0,0.5,0.1,0,1.3,23.5,8.4,1.8,0
0.012125375,3.8,1,3,24,0,63,0.4,0,0.578,0.3,0.2,0.8,0.578,0,0.7,3.3,0.6,1.5,14,2.9,4.8,1
0.024191983,2.9,1,0.3,21,0,33,0.4,0,0.778,0.2,0.5,0,0.49,0,0.3,0,-0.2,0.1,1.3,8.8,0,0
0.036741281,4.6,0,1.2,23,0,81,1,1,0.742,0.8,1.9,0.2,0.52,1,2,1.9,0.3,0.4,3,20.3,0.9,0
0.034833939,10,0,1.9,24,0,58,2.1,1,0.803,0.9,3.8,0.2,0.543,1,2.5,2.3,0.1,0.4,1.9,25.3,0.6,0
0.069114783,4.9,0,0.6,25,0,45,0.9,1,0.8,0.5,1.3,0.1,0.497,1,1.3,0.4,-0.2,0.2,2.4,17.4,0.4,0
0.071296189,6.6,0,1.1,26,0,36,1,1,0.771,0.4,1.7,0.4,0.579,1,1,0.8,0.1,0.1,0.9,17.7,1.6,0
0.072597137,2.5,0,0.8,27,0,22,0.6,1,0.611,0.5,1.3,0.1,0.431,1,0.8,0,-0.1,0,0.6,20.6,0.8,0
0.020662087,6.8,0,1.7,21,0,79,1.8,1,0.847,0.4,3.3,0,0.474,1,1.1,-0.1,-0.6,0.4,2.6,34.4,0.1,0
0.00023171,0.9,0,0.7,21,0,11,0,1,0,0.1,0.3,0.1,0.25,0,0,-0.1,-0.1,0.4,12.7,14.8,2.1,1
0.021215172,5.9,0,1.6,22,0,53,1.4,1,0.787,0.5,2.6,0.1,0.499,1,0.9,0.2,-0.1,0.3,1.9,27.8,0.3,0
0.021515337,1.3,0,0.4,23,0,9,0.4,1,0.333,0.1,1.4,0.1,0.305,1,0.7,-0.1,-0.1,0,0,32.6,1.3,0
0.017633947,5.2,0,1.6,24,0,48,1.2,1,0.609,0.6,2.3,0.2,0.47,1,1,-0.1,-0.3,0.6,3.9,19.8,0.8,0
0.011929107,10,1,2.3,22,0,82,2,1,0.767,2,4.9,0.1,0.548,1,2.4,5.2,1,0.5,1.7,23.5,0.2,0
0.007678645,0.9,0,0.3,23,0,64,0.1,1,0.654,0.2,0.2,0.1,0.488,0,0.4,0.5,-0.1,0.4,11.3,7.2,1.1,0
0.012125375,0.8,0,0.6,24,0,53,0.2,1,0.467,0.3,0.4,0.1,0.456,0,0.6,0.4,0.1,0.5,10.5,10.1,1.1,0
0.111431818,11.3,0,3.3,30,0,81,2.4,1,0.757,0.5,1.2,0.9,0.549,0,2.7,1.7,-0.8,1.2,5.3,7.8,2.6,0
0.137163169,12.3,0,4.5,31,0,82,1.9,1,0.754,0.5,0.8,0.7,0.546,0,2.4,2.8,-0.7,1.7,6.6,4.5,1.8,0
0.142028402,8.4,0,2.8,32,0,69,1,1,0.638,0.5,0.6,0.5,0.505,0,2,0.7,-0.8,1,5.3,4.8,1.8,0
0.145090593,4,0,1.6,33,0,20,0.7,1,0.615,0.1,0.2,0.4,0.472,0,0.7,-0.1,-0.2,0.5,5.7,3.1,2.8,0
0.047868703,9.9,0,2.8,26,0,50,2,0,0.72,1.7,6.1,0.3,0.5,1,1.6,2.8,1.3,0.4,1.5,29.7,0.8,0
0.101010101,7.8,0,2.3,27,0,75,1.7,0,0.688,1.4,3.9,0.3,0.468,1,1.8,2.3,0.7,0.8,3.5,22.5,0.8,0
0.103980427,5.3,0,1.9,28,0,70,1.3,0,0.761,1.1,2.1,0.2,0.51,0,1.3,1.5,0.1,0.8,4.3,14.1,0.8,0
0.108754269,8.3,0,2.5,29,0,75,1.7,0,0.742,1.3,4.1,0.4,0.518,0,2.2,2.4,0.6,0.5,2,21,1.2,0
0.111762024,9.1,0,2.2,24,0,60,1.4,1,0.737,1.4,2.1,0.2,0.484,0,2.2,2.5,0.9,1.5,7,14.6,0.7,0
0.108955556,10.2,0,2.3,25,0,62,1.6,1,0.754,1.1,2.8,0.2,0.535,0,3,4.2,1.1,1.3,5.6,16.2,0.6,0
0.110729274,7.1,0,1.2,26,0,45,1.2,1,0.7,0.6,1.3,0.2,0.506,0,1.8,0.6,-0.1,0.6,3.7,12.6,0.7,0
0.114576667,8.2,0,2,27,0,74,1.5,1,0.698,1.1,1.9,0.2,0.487,0,1.9,0.9,-0.1,0.9,4.6,14.1,0.9,0
0.116976823,13.6,0,3.1,28,0,54,1.7,1,0.721,1.1,2.1,0.5,0.491,0,2.4,1.3,0,1.5,5.1,10.7,1.1,0
0.026288344,7.7,1,2.2,21,0,79,0.6,1,0.773,0.3,0.4,0.7,0.543,0,1.7,3.8,0.2,1.6,11.6,4.2,3.6,0
0.052244848,6.6,1,1.7,19,0,61,0.7,1,0.859,0.3,0.6,0.2,0.533,0,1.2,0.9,-0.1,0.5,3.2,5.5,1,0
0.052322575,7,1,2.4,20,0,82,0.9,1,0.705,0.4,0.6,0.2,0.522,0,1.6,1.3,0,0.5,3,4.9,0.9,0
0.06426607,0,1,0,22,0,1,0,1,0,0,0,0,0,0,0,0,0,0,0,0,0,0
0.078569681,13.1,1,4,20,0,64,2,1,0.815,0.8,1.9,0.5,0.51,0,4.1,2.3,-0.6,1.3,4.6,9.7,1.1,1
0.080281143,14.8,1,4.2,21,0,80,1.6,1,0.822,1,1.7,0.4,0.54,0,5.1,5.7,0.4,1.5,5,8.3,0.9,0
0.01584331,3.8,0,2,24,0,43,1,1,0.603,0.7,1.3,0.2,0.465,0,1.3,0.4,-0.2,1.1,7.7,11.1,0.7,0
0.014516439,9.8,0,3.4,26,0,76,1.4,1,0.732,1,2.1,0.5,0.547,0,1.6,3.7,1.3,1.2,5.4,12.8,1.7,1
0.053927737,6.7,0,3.2,27,0,73,1.2,1,0.747,0.7,1.9,0.5,0.51,0,1.1,2.3,0.6,1.3,6.8,13.5,1.9,1
0.015792059,10.2,0,4.4,28,0,77,1.7,1,0.743,0.7,2.8,0.3,0.537,0,1.8,3,0.8,1,4.6,14.2,0.9,1
0.04040404,7.5,0,2.5,25,0,78,0.4,1,0.829,0.6,0.7,0.4,0.582,0,1,4.1,1.2,1.1,5.9,5.2,1.4,1
0.037639974,4.9,0,1.6,26,0,56,0.4,1,0.711,0.3,0.4,0.2,0.542,0,0.7,2.2,0.4,1.1,12.3,5.7,1.2,1
0.048139493,4.8,0,2,27,1,68,0.6,1,0.864,0.2,0.5,0.3,0.525,0,0.6,2,0.1,0.8,7.4,6.2,1.5,1
0.022222222,7.6,0,1.6,25,0,78,0.6,1,0.821,0.6,0.4,0.1,0.54,0,2.2,2.6,0.5,0.4,2.9,4.6,0.7,0
0.022358144,12.1,0,2.4,26,0,72,1,1,0.904,0.7,1.3,0.1,0.58,0,2.9,4.6,1.1,0.5,2.1,8.2,0.4,0
0.097968722,9,0,2.4,27,0,80,0.7,1,0.804,0.6,0.9,0.2,0.554,0,1.7,3,0,0.4,1.9,5.8,0.7,0
0.086059986,3,0,1.1,28,0,55,0.6,1,0.84,0.4,0.5,0.1,0.451,0,0.5,-0.1,-0.4,0.1,1.4,7.2,0.8,0
0.017059942,2.2,1,0.6,22,0,32,0.5,1,0.606,0.1,0.2,0.1,0.408,0,1,-0.3,-0.4,0,0.6,5,1.1,0
0.017515729,2,1,0.3,23,0,26,0.2,1,0.5,0,0.3,0,0.363,0,0.5,-0.4,-0.4,0.2,2.8,8,0.4,0
0.01584331,6.4,0,1.7,26,0,65,0.5,1,0.756,0.6,0.7,0.1,0.511,0,1.2,2.1,-0.1,1.4,8,5.4,0.5,0
0.03030303,5,0,1.1,27,0,80,0.5,1,0.8,0.5,0.8,0.2,0.545,0,0.8,3.2,0.6,1,7.8,8.5,1,0
0.030488379,8.4,0,1.7,28,0,76,0.8,1,0.787,0.5,1,0.2,0.523,0,2,2.6,-0.1,1.2,6.3,6.7,0.6,0
0.031278087,8.9,0,1.7,29,0,75,0.5,1,0.711,0.6,1.1,0.1,0.571,0,1.1,4.9,1.3,1.2,6.4,7.5,0.4,0
0.042603954,7.2,0,1.9,30,0,80,0.5,1,0.822,0.6,0.7,0.1,0.558,0,0.9,3.8,0.6,1.1,5.6,4.6,0.4,0
0.170959654,12.9,0,5.1,25,0,82,1.7,0,0.85,0.4,2,0.8,0.569,0,4.7,7,2.3,2.4,10.2,12.8,2.5,0
0.166666667,18,0,6.5,26,0,82,2,0,0.78,0.5,2.4,0.9,0.554,0,5.5,9.3,2.7,2.6,8.6,12.8,2.1,1
0.152795254,14.5,0,5.9,28,0,72,1.4,0,0.804,0.8,2,0.4,0.556,0,3.2,6.7,1.7,1.8,6.8,9,1,0
0.144853442,17,0,6,29,0,72,1.8,0,0.817,0.8,1.7,0.7,0.592,0,4.6,7.4,2,1.7,6.1,8.1,1.7,0
0.039717347,7.3,0,2.3,26,0,79,1.5,1,0.575,0.4,1,0.9,0.465,0,2.7,0.1,-1,1.8,9.3,7.6,3.1,1
0.048505596,9.8,0,3.2,27,0,57,1.8,1,0.667,0.5,1.3,0.8,0.55,0,3.4,2,0.1,1.6,7.6,9.7,2.5,1
0.062177717,3,0,1.3,28,0,30,0.9,1,0.66,0.2,0.6,0.3,0.442,0,1.6,-0.3,-0.4,0.5,5.7,9,2,0
0.016094571,3.9,0,2.3,29,0,52,0.8,1,0.552,0.1,0.4,0.3,0.491,0,1.1,0.3,-0.5,0.5,5.1,5.4,2.3,0
0.017014281,3.1,0,1.1,30,0,31,0.7,1,0.639,0.1,0.6,0.3,0.438,0,1.2,-0.1,-0.5,1,9.7,7.6,2,0
0.140366879,24.6,0,5.3,25,0,7,2.4,1,0.922,1.7,3.1,0.9,0.608,0,7.3,1.3,0.5,1.1,3.3,16.2,1.6,0
0.138224343,17.6,0,3.8,26,0,56,2.3,1,0.675,2.2,3.6,0.7,0.491,0,5.4,3.7,1.7,1.3,4,15.8,1.4,0
0.141645168,18.8,0,5,27,0,70,2.1,1,0.74,2.1,3.4,0.6,0.538,0,5.9,6.7,3.2,1.5,4.4,15.6,1.3,0
0.133021751,20.5,0,4,28,0,57,2.6,1,0.719,2.3,3.5,0.7,0.535,0,5.2,4.7,2.6,1.8,5.6,16.2,1.4,0
0.126107703,17.1,0,4.3,29,0,69,2,1,0.748,1.5,3.3,0.3,0.512,0,3.8,5.5,2.4,0.9,3.2,16.2,0.7,0
0.073533742,13.9,1,4.1,20,0,81,1.5,1,0.772,0.5,1,0.5,0.528,0,3,3.4,0.1,1.4,6.5,7.7,1.5,1
0.068383861,23,0,3.2,25,0,75,1.8,1,0.854,0.8,2.3,0.1,0.536,0,5.8,6.2,2.2,1,2.9,11.4,0.2,0
0.249553025,26.7,0,2.9,27,0,53,2.3,1,0.829,1.2,2.3,0.2,0.586,0,7.8,6.1,2.5,0.8,2.4,11,0.3,0
0.261010246,22.7,0,3.1,28,0,72,2.5,1,0.82,0.9,3.4,0.2,0.559,0,6.8,5.8,2.4,1.2,3.5,16.4,0.4,0
0.268916155,21.2,0,2.5,29,0,33,1.6,1,0.814,1.1,2.7,0.1,0.566,0,4.9,3.2,1.3,0.7,2.3,13.2,0.1,0
0.015093629,4.6,0,1.6,23,0,70,0.7,0,0.805,0.3,0.8,0.3,0.535,0,1.2,1.3,-0.2,0.8,5.7,6.7,1.4,0
0.014416682,4.3,0,1.1,24,0,39,0.7,0,0.778,0.3,0.8,0.2,0.509,0,0.5,0.2,-0.1,0.4,3.8,11.1,1.4,0
0.04071028,9.5,0,1.9,22,0,67,1.4,0,0.698,0.7,1.2,0.3,0.539,0,3,2.1,0.3,1,5,10.2,1,0
0.038596364,9.3,0,2,23,0,52,1.5,0,0.608,0.6,0.8,0.2,0.5,0,2.8,0.6,-0.4,1.1,5.4,6.2,0.6,0
0.04771356,11.1,0,3.4,24,0,72,1.5,0,0.648,0.7,0.9,0.8,0.59,0,2.9,3.6,0.4,1.1,4.5,4.7,2.2,0
0.062390257,7.2,0,2.7,25,0,66,0.7,0,0.673,1,0.7,0.7,0.549,0,1.5,2.8,0.6,1,5.2,5.1,2.4,0
0.090320382,9.4,0,2.4,26,0,54,1,0,0.709,0.6,1.2,0.4,0.538,0,2,3,0.8,0.8,3.8,8,1.3,0
0.060707532,9.4,1,2.2,20,0,53,1.7,1,0.732,0.8,4.2,0,0.502,1,2.3,1.1,-0.3,0.4,1.7,25.3,0.1,0
0.061869121,10.9,1,3.1,21,0,82,1.7,1,0.817,1.1,4.3,0.1,0.548,1,2.4,4.5,1.1,0.3,1.2,23.7,0.3,0
0.081264646,13.4,1,4.3,24,0,79,1.7,1,0.779,1,2.6,0.3,0.539,0,2.2,4.9,1.4,1.2,3.9,13.1,0.7,0
0.091035576,11.5,1,4,25,0,81,1.5,1,0.778,0.7,2.9,0.4,0.503,0,3.1,4.2,0.9,1,3.3,15,0.9,0
0.139983363,12.8,0,4.2,26,0,82,1.8,1,0.784,1,2.8,0.3,0.542,0,3.3,5.1,1.3,1,3.6,14.2,0.6,1
0.147744167,19.1,0,4.5,27,0,82,2.3,1,0.834,1,3.5,0.4,0.605,0,4.9,8.5,2.8,0.7,2.1,16.1,0.8,0
0.070663323,11.8,0,2.3,29,0,74,1.4,1,0.752,0.9,3.6,0.1,0.534,1,2,4.3,1.8,0.5,2.2,25.2,0.2,0
0.068888889,20.3,0,2.7,30,0,79,2.6,1,0.837,0.9,5.8,0,0.583,1,4.3,7.6,2.9,0.6,1.8,28.2,0.1,0
0.098146231,10.1,0,1.7,31,0,82,1.6,1,0.837,0.7,3.6,0.1,0.528,1,2.2,2.8,0.2,0.3,1.5,23.7,0.3,0
0.101243933,5,0,1,32,0,54,0.7,1,0.813,0.4,1.1,0,0.437,1,0.9,0.3,-0.3,0.3,2.2,13.4,0.2,0
0.106409219,8.7,0,1.8,33,0,61,1.5,1,0.829,0.7,3.3,0.1,0.483,1,1.3,-0.1,-0.8,0.4,1.7,19.1,0.3,0
0.136767723,13.4,0,3.5,24,0,76,1.7,1,0.72,0.7,2.9,0.3,0.614,0,2,7,2.8,0.5,1.9,17.8,0.8,0
0.14348006,18.5,0,4.7,26,0,70,2.6,1,0.793,0.8,4.3,0.3,0.588,0,2.9,4.8,2.3,0.7,2.3,18.7,0.5,0
0.150569729,16.4,0,5.9,27,0,70,2.6,1,0.774,0.5,3.4,0.2,0.625,0,3,5,2,0.7,2.3,16,0.5,0
0.153861196,9.9,0,5.6,28,0,73,2,1,0.732,0.4,4.5,0.4,0.588,0,2,4.2,1.8,1,3.5,21.6,1,0
0.04510873,8.4,0,3.2,22,0,77,1.4,1,0.749,0.4,0.6,0.4,0.592,0,3.1,3.8,-0.2,2.2,13,4.9,1.4,0
0.050756676,3.2,0,1.6,24,0,48,0.9,1,0.561,0.2,0.6,0.2,0.469,0,1.4,0.4,-0.3,0.9,13.4,11.7,2.2,0
0.015055515,1.8,0,0.6,26,0,47,0.5,1,0.61,0.3,0.7,0,0.398,1,0.9,-0.3,-0.3,0.2,3.1,13.9,0.2,0
0.015020457,3.6,0,0.8,27,0,47,0.7,1,0.786,0.3,1.7,0.1,0.533,1,0.9,0.8,0.1,0.3,3.3,22.9,0.6,0
0.0012071,2.7,0,0.9,28,0,15,0.6,1,1,0.6,0.9,0,0.543,1,0.3,0.2,0,0.3,3,11.3,0,0
0.036471393,10.2,0,2.4,22,0,80,2.5,1,0.85,0.9,6.1,0.1,0.504,1,2,2.2,0.2,0.6,2.6,35.4,0.4,0
0.035555556,12.1,0,1.9,23,0,58,1.8,1,0.85,0.9,4,0.1,0.518,1,1.9,2.5,0.8,0.5,2.3,26.1,0.4,0
0.036134375,17.3,0,4,24,0,68,3,1,0.855,1.3,6.1,0.1,0.519,1,2.7,3.2,0.9,0.8,2.5,28.2,0.2,0
0.009065899,6.8,1,1.7,20,0,49,1.2,1,0.712,0.7,1.6,0.2,0.486,0,1.2,0.5,0.1,0.4,2.7,14.9,0.9,0
0.013852418,20.2,1,3.3,22,0,81,2.1,1,0.767,1.5,3.9,0.3,0.58,0,5.1,9,2.8,1.6,4.5,15.8,0.6,0
0.018083049,1.4,1,0.2,22,0,9,0.2,1,0.667,0.1,0.3,0,0.368,0,0.7,-0.1,-0.1,0,0,10.5,0,0
0.018429448,3.7,1,1.1,23,0,25,0.6,1,0.808,0.2,0.3,0.2,0.498,0,1,0.1,-0.3,0.4,4.2,4.2,1.2,0
0.091919192,16.8,0,3.9,28,0,82,1.5,1,0.82,1.3,2.3,0.2,0.561,0,3.6,5.9,1.9,0.8,2.4,10,0.4,0
0.08563094,8.9,0,2.9,29,0,71,0.7,1,0.683,0.6,0.7,0.2,0.555,0,1.7,2.9,0.8,0.5,2.5,5,0.6,0
0.096278986,8,0,2.2,30,0,76,0.5,1,0.765,0.6,0.9,0.1,0.549,0,1.1,3.8,0.8,0.5,2.3,5.5,0.3,0
0.095300613,4.4,0,1.7,31,0,43,0.3,1,0.632,0.3,0.4,0,0.499,0,0.4,0.6,0,0.3,3.1,5.2,0.3,0
0.022276364,9.3,1,1.5,21,0,72,1.6,1,0.752,0.8,2,0,0.512,1,2.8,1.5,-0.1,0.8,4.4,17,0.1,0
0.022310718,10.1,1,1.5,22,0,64,1.1,1,0.777,0.8,1.4,0.1,0.552,1,2.2,3.2,1,0.9,4.9,11.9,0.4,0
0.022796333,12.7,1,2.4,23,0,72,1.4,1,0.786,0.8,2.9,0,0.526,1,2.7,3.2,1,0.7,3,19.7,0,0
0.034427045,17.2,1,2.6,24,0,74,1.9,1,0.841,1.3,4.1,0.1,0.549,1,4,5.9,2.4,1.3,4.7,22.9,0.2,0
0.02141509,10,0,3.2,21,0,75,1.5,0,0.725,0.4,1,0.8,0.547,0,3.4,4.4,-0.6,2.1,9.7,7.1,2.6,1
0.020404848,13.5,0,4.1,22,0,80,1.7,0,0.698,0.4,1.1,0.8,0.541,0,3.3,5.4,-0.1,2.3,8.5,6.8,2.1,1
0.020334619,16.4,0,4.8,23,0,26,2,0,0.711,0.4,1.8,0.9,0.566,0,4.7,1.9,0.4,2,7.1,10.2,2.2,0
0.150559895,12.2,0,4.7,24,0,64,2,0,0.689,1,1.2,0.9,0.611,0,4.4,5.3,1,2.3,10,7.1,2.5,0
0.158907065,5.3,0,3.6,25,0,16,1.3,0,0.551,0.6,0.9,0.9,0.459,0,3.1,0.3,-0.1,1.9,12.4,7.8,3.7,1
0.164962509,14.6,0,5.4,26,0,77,1.9,0,0.723,1.2,1.4,1.3,0.645,0,4.8,9.3,2.6,2.4,8.7,7.1,3.1,0
0.044898108,5.6,1,2.7,24,0,82,0.8,1,0.703,0.4,0.4,0.6,0.57,0,1.4,3.9,0.1,1.9,13.7,3.9,2.8,0
0.036666667,7.5,1,3.4,25,0,66,1.2,1,0.699,0.3,1.1,0.5,0.556,0,1.7,2.3,-0.4,2.2,11.8,8.1,1.9,1
0.047070104,9.6,0,5.3,26,0,82,1.5,1,0.774,0.6,1,0.8,0.546,0,2.4,4.6,-0.3,2.8,11.4,5.4,2.1,0
0.103361496,9.8,0,6.1,27,0,78,1.5,1,0.737,0.6,1.4,0.8,0.537,0,2.1,4.5,0.3,3.3,12.5,7.9,1.9,1
0.108214042,8.2,0,4.3,28,0,71,1,1,0.721,0.7,0.9,0.7,0.599,0,1.9,5,0.4,2.5,11.2,5.8,2,0
0.027316973,10.9,1,1.5,23,0,82,1.1,1,0.85,0.5,1.2,0.2,0.53,0,2.4,1.2,-0.6,0.4,1.9,9,0.9,0
0.017734151,5.4,1,1.7,20,0,79,0.6,0,0.808,0.6,0.9,0.5,0.555,0,0.7,3.7,1.2,1.1,7,7.8,2.2,0
0.066346022,1.4,0,0.8,21,0,35,0.5,0,0.571,0.2,0.3,0.3,0.324,0,0.2,-0.5,-0.3,0.3,6.3,6.9,3.7,1
0.015055515,2.1,0,0.8,22,0,17,0.4,0,0.643,0.1,0.2,0.1,0.417,0,0.8,0,-0.1,0.5,10.3,4.2,1.4,1
0.06603681,18.5,1,3.1,21,0,82,2.8,1,0.879,1.1,3.2,0.2,0.539,0,3.4,3.4,0.6,0.7,2.2,15.5,0.3,0
0.024191983,3.6,0,1.3,22,0,35,0.5,0,0.645,0.2,0.2,0.1,0.451,0,0.9,0,-0.3,0.6,7.5,3.6,1.3,0
0.024654397,3.6,0,1.3,23,0,32,0.3,0,0.828,0.2,0.1,0.1,0.51,0,0.9,0.5,-0.2,1.1,14.4,1.2,0.9,0
0.008055798,3.2,0,1.4,23,0,80,1.4,1,0.662,1,1.6,0.1,0.449,1,0.9,-0.3,-0.8,0.5,3.7,15.8,0.6,0
0.012500405,1.5,0,0.8,24,0,41,0.7,1,0.6,0.4,0.5,0.1,0.432,0,0.6,-0.2,-0.2,0.3,5.4,13.6,1.2,0
0.007767347,1.8,1,0.7,21,0,17,0.4,1,0.571,0.1,0.2,0,0.533,0,0.8,0.1,0,0.6,15.4,5.7,0,0
0.038801543,1.9,0,0.9,20,0,16,0.5,1,0.647,0.4,0.6,0.5,0.393,0,1.1,0,-0.1,0.4,6.3,10.2,5.1,0
0.039841812,1.5,0,0.8,21,0,24,0.3,1,0.6,0.2,0.2,0.4,0.561,0,0.2,0.2,0,0.4,10.4,5.8,6.6,0
0.025562372,2.6,0,1.4,22,0,39,0.6,1,0.55,0.2,0.3,0.5,0.544,0,0.5,0.3,-0.2,0.3,6.3,7.1,5.9,0
0.098438135,17.8,1,5,24,0,56,2.4,0,0.768,0.7,2.4,1.7,0.582,0,6.6,6.8,2.7,2.3,8.7,14.7,4.1,1
0.222080808,20.4,0,6.5,25,0,80,2.9,0,0.689,0.6,4.6,1.9,0.555,0,7.7,12,6,2.4,7.5,23.7,3.9,1
0.232690317,20.8,0,7.3,26,0,59,2.7,0,0.748,0.5,3.4,2.1,0.593,0,6.8,6.9,3,2.5,8.3,17.7,4.5,0
0.246899155,18.9,0,6,27,0,66,1.9,0,0.807,0.5,3.2,1.5,0.594,0,5.5,8.4,3.2,2.3,7.4,15.2,3,0
0.25743013,18.9,0,6.4,28,0,81,1.9,0,0.781,0.6,3.5,1,0.617,0,5.4,13.9,5,3.2,10,14.8,2.1,0
0.011762492,6.8,1,2.9,21,0,82,1.1,1,0.673,0.8,0.8,0.9,0.571,0,2.5,4.7,0.9,2.2,15.1,6.7,4.2,1
0.012357649,8.1,1,3.6,22,0,82,1.1,1,0.677,0.9,1,0.9,0.548,0,2.8,5.2,0.8,2,12.1,7,3.5,1
0.013592042,13.5,1,5.3,23,0,76,1.7,1,0.699,1,1.8,1,0.576,0,4.3,7.7,1.8,3.3,13.1,9.8,2.5,1
0.007767347,2.4,0,1,23,0,12,0.8,0,0.389,0.1,0,0,0.582,0,1.5,0,-0.1,0.8,15.6,0,0,1
0.132208799,14.9,0,4.9,24,0,79,1.3,1,0.739,1.2,2,0.3,0.522,0,2.3,5.8,1.8,1.2,3.6,7.9,0.6,0
0.14020202,8.2,0,3,25,0,55,1,1,0.67,0.7,1.6,0.1,0.452,0,1.7,0.7,0,1.2,5.4,10.3,0.3,0
0.141629811,13,0,5.9,26,0,49,1.4,1,0.692,0.7,2.2,0.1,0.532,0,2.4,3.5,1.1,1.3,4.8,11.4,0.3,0
0.145703757,8.1,0,4,27,0,65,1.1,1,0.682,0.7,1.8,0.2,0.444,0,1.4,0.3,-0.4,0.9,3.4,9.9,0.6,0
0.148014656,10.2,0,3.4,28,0,72,1,1,0.761,0.7,1.6,0.1,0.51,0,1.6,2.1,0.4,1,4,9.4,0.3,0
0.014141414,4.7,0,2,24,0,67,0.7,1,0.76,0.8,1.2,0.2,0.465,0,1.1,1.6,-0.2,0.6,3,7.8,0.8,0
0.01484893,4.1,0,1.6,26,0,76,0.4,1,0.667,0.6,1.2,0.4,0.43,0,0.8,0.7,-0.4,0.7,4.1,9.4,1.6,0
0.079781172,14.2,0,3,28,0,80,2.1,1,0.74,1.5,6.4,0.1,0.522,1,3.2,5.5,2,0.5,1.7,31.7,0.2,0
0.077777778,12.1,0,3.5,29,0,63,2.5,1,0.692,1.6,6.7,0.2,0.475,1,2.3,3.4,1,0.6,1.8,30.8,0.5,0
0.081790401,13.1,0,3.1,31,0,74,2.2,1,0.715,1.3,5.3,0.2,0.492,1,1.9,5,1.6,0.4,1.3,25.2,0.5,0
0.083503749,11.7,0,2.5,32,0,77,1.8,1,0.75,1.4,5.3,0.1,0.494,1,2.7,5.3,1.8,0.4,1.6,27,0.3,0
0.030088899,12.3,0,2.4,28,0,63,1.3,0,0.747,0.7,1.4,0.1,0.527,0,2.4,2.2,-0.1,0.8,3.2,9.3,0.4,0
0.085858586,14.7,0,2.6,29,0,79,1.1,0,0.788,1,2.6,0.3,0.584,0,1.8,6.8,1.6,0.6,1.7,9.8,0.5,0
0.085385583,11.9,0,3,31,0,75,0.9,0,0.868,0.7,2.2,0.4,0.561,0,1.2,4.5,0.8,0.6,2.2,8.6,0.7,0
0.085207907,11.9,0,3,32,0,67,1.3,0,0.853,0.7,2.1,0.1,0.548,0,1.5,3.6,0.4,0.6,2.2,10.1,0.3,0
0.022097429,10.6,1,3.2,21,0,77,1.9,1,0.611,1.7,5.1,0.2,0.515,1,2.3,7.2,2.4,1,4.3,28.2,0.5,0
0.022411043,11.9,1,4,22,0,80,2.6,1,0.642,1.9,8.2,0.1,0.543,1,3.4,9.9,4,1.3,4.8,39.7,0.3,0
0.012312832,12.4,1,2.6,22,0,79,1.9,1,0.794,1.1,5.7,0.1,0.525,1,4.5,5.6,1.9,0.8,3.3,34.6,0.3,0
0.046075845,10.1,1,2.1,23,0,82,1.9,1,0.854,0.6,2.8,0.3,0.536,1,2.3,2.3,0.5,0.6,3.2,20.9,0.9,0
0.047309725,13.1,1,2.9,24,0,39,2,1,0.815,0.9,4.2,0.1,0.52,1,1.7,1.1,-0.1,0.3,1.2,20.9,0.2,0
0.047981595,16.3,1,2.6,25,0,70,2.1,1,0.846,1,4.3,0.4,0.517,0,3.9,3.1,0.8,0.5,1.5,20.5,0.8,0
0.027353545,6.5,0,2.1,25,0,65,0.6,1,0.771,0.3,1,0.4,0.488,0,0.7,1.7,0.1,0.2,1.5,8.1,1.8,0
0.026262626,8.7,0,2.3,26,0,79,0.8,1,0.693,0.4,0.5,0.6,0.501,0,1.4,1.7,0,0.6,3.2,3.7,2,0
0.05645996,10.1,0,2.6,27,0,81,0.8,1,0.644,0.5,0.8,0.7,0.495,0,1.1,2.6,0.6,0.5,2.1,4.7,1.9,0
0.059590149,4.9,0,1.6,28,0,51,0.2,1,0.839,0.3,0.7,0.4,0.46,0,0.6,1.2,0,0.3,2.1,5.9,1.9,0
0.061860941,11.2,0,2.7,29,0,82,0.7,1,0.782,0.6,0.9,0.7,0.541,0,1.3,4.6,1,0.6,2.3,4.8,2,0
0.057522424,11.9,1,2.4,21,0,80,2.3,1,0.725,1.3,5.6,0.1,0.483,1,2.8,2.6,0.8,1,3.5,30.9,0.3,0
0.057604968,14,1,2.8,22,0,78,2.9,1,0.797,1.5,7,0.1,0.481,1,3.3,2.3,0.9,0.7,2.1,32,0.3,0
0.058861046,14.4,1,2.5,23,0,79,2.7,1,0.8,1.2,7.4,0.2,0.5,1,4.1,3.4,-0.1,0.5,1.4,32.4,0.3,0
0.070700682,14.2,1,3.1,24,0,82,2.8,1,0.805,1.5,6.7,0.4,0.483,1,3.3,4.3,1.4,0.7,2.2,31.1,0.8,0
0.020059266,4.9,0,6.1,24,0,79,1.3,1,0.534,0.7,0.7,0.2,0.512,0,3,3.8,0.4,3.2,16.6,4.7,0.6,1
0.022222222,5.6,0,4.9,25,0,67,1.3,1,0.53,0.6,0.6,0.1,0.519,0,3.2,2.1,-0.6,2.6,14.6,4,0.5,1
0.077655941,5.2,0,4.8,27,0,81,1.3,1,0.467,1.1,0.8,0.1,0.463,0,3.2,2.7,-0.5,2.8,14,5,0.3,1
0.022419121,4.9,1,2.9,22,0,68,0.7,1,0.567,0.8,0.6,0.6,0.531,0,1.3,2.8,0.9,1.4,11,7,3.3,0
0.023020672,3.4,1,2,23,0,65,0.6,1,0.432,0.7,0.6,0.5,0.492,0,1.5,1.3,0,1.3,9.6,6.5,2.4,0
0.023345603,5,1,2.2,24,0,53,0.7,1,0.646,0.9,0.6,0.4,0.585,0,1.2,2.6,0.7,1.6,13.2,6.9,2.3,1
0.178082972,18.7,0,2.9,26,0,76,2.9,1,0.858,1,4.9,0.2,0.528,0,5.6,7.4,1.7,1,3,23.5,0.3,0
0.174242424,20.1,0,2.2,27,0,80,2.2,1,0.845,0.7,3.4,0.2,0.553,0,3.8,7.6,2,1.1,3.5,18.6,0.4,0
0.172908629,19.8,0,2.8,28,0,75,2.1,1,0.861,0.8,3.8,0.2,0.551,0,5.4,8.1,2.2,1,3.2,19,0.4,0
0.179759123,17.3,0,2.2,29,0,72,1.8,1,0.833,1,4.2,0.1,0.552,0,3.1,7.7,2.6,1,3.7,22.3,0.3,0
0.1842621,18.3,0,2.4,30,0,67,2,1,0.848,0.6,4.4,0.1,0.529,0,3.9,4.5,1.2,0.7,2.3,23.9,0.1,0
0.051670709,22.2,1,5.8,24,0,33,4,1,0.844,1,4,0.5,0.537,0,8.2,2.4,1.2,1.5,4.3,19,1,0
0.206060606,19.5,0,5.6,25,0,78,2.2,1,0.812,0.8,3.8,0.2,0.603,0,7.4,11.7,3.9,1.2,3.6,18,0.4,0
0.210783852,16.3,0,3.5,26,0,55,2.2,1,0.733,0.6,2.7,0.1,0.555,0,5.9,3.4,0.3,0.9,2.9,13.1,0.3,0
0.21930613,22.6,0,3,27,0,82,2.4,1,0.798,0.9,3.1,0.3,0.571,0,8.3,7.6,1.8,1.1,3.4,15,0.5,0
0.224948875,19.6,0,3.9,28,0,82,2,1,0.805,0.8,2.4,0.2,0.554,0,6.3,6.6,1.6,0.7,2.2,11.7,0.4,0
0.027670757,3.2,0,1.1,20,0,60,0.5,1,0.691,0.2,0.1,0.7,0.566,0,1.1,1.1,-0.2,0.9,10.3,1.8,4.9,0
0.027096264,6.6,0,1.3,22,0,67,0.6,1,0.609,0.6,0.4,0.3,0.514,0,1.3,1.3,-0.1,0.6,4,3.8,1.5,0
0.027822398,5.8,0,1.4,23,0,70,0.5,1,0.679,0.6,0.5,0.3,0.478,0,1.2,1.6,0.1,0.7,5.7,5,1.8,0
0.028214992,7.6,1,1.7,21,0,57,1.4,1,0.814,0.9,2.8,0.1,0.484,1,2.7,2,0.3,0.6,3.5,23.9,0.4,0
0.01401244,2.7,0,0.6,26,0,62,0.3,1,0.875,0.2,0.6,0.1,0.443,0,0.3,-0.1,-0.3,0.1,1.6,10.9,0.9,0
0.014350674,9.1,0,1.4,27,0,80,0.9,1,0.873,0.5,1.7,0.2,0.573,1,0.9,3.4,0.9,0.2,1.1,13.2,0.9,0
0.059645535,11.8,0,2.9,28,0,82,1.2,1,0.89,0.5,2.1,0.1,0.554,0,1.4,4.7,0.7,0.2,0.8,11.1,0.4,0
0.014133713,3.2,0,1.3,24,0,47,0.5,1,0.617,0.1,0.5,0.2,0.515,0,1,1,0,0.7,8.5,8.7,1.6,0
0.014532788,2.2,0,0.8,25,0,36,0.4,1,0.341,0.3,0.4,0,0.494,0,1.1,0.3,-0.1,0.6,9.8,8.8,0,0
0.014516439,1.3,0,0.6,26,0,19,0.2,1,0.333,0.3,0.3,0.1,0.358,0,0.5,0,-0.1,0.3,6.3,8.5,0.8,0
0.01484893,0.8,0,1.4,27,0,5,0,1,1,0.2,0.2,0,0.515,0,0.4,0.1,0,0.2,5.2,6.5,0,0
0.01584331,7,0,1.7,25,0,49,1.2,1,0.738,0.6,1.3,0.2,0.433,0,1.6,-0.3,-0.5,0.3,2.1,12.7,1,0
0.018085818,11.2,0,1.6,26,0,76,1.8,1,0.711,0.9,2.6,0.1,0.487,0,3.2,0.7,-0.6,0.4,1.8,15.4,0.4,0
0.032934977,6.7,0,1.3,27,0,69,1.3,1,0.725,0.7,2.7,0.2,0.474,0,1.7,1.3,-0.1,0.4,2.1,20.4,0.7,0
0.025562372,12.2,0,1.8,29,0,80,1.6,1,0.76,1.1,2,0.2,0.543,0,2.9,3.1,0.8,0.3,1.3,14,0.7,0
0.030025407,4.6,1,0.7,21,0,56,0.4,1,0.675,0.7,0.4,0.1,0.566,0,1.5,1.7,0.6,0.7,6.7,5.7,0.7,0
0.030829409,12,1,1.6,22,0,76,0.9,1,0.759,1.7,1.8,0.3,0.612,0,3.4,7.8,3.1,1.3,5.7,9.7,0.7,0
0.012500405,3.3,1,1,23,0,58,0.6,1,0.673,0.5,0.8,0.1,0.489,1,0.9,0.4,0,0.3,3.1,13.7,0.5,0
0.019773504,3.7,0,0.6,24,0,61,0.5,1,0.684,0.5,1.3,0,0.516,1,0.6,1.1,0.2,0.1,1.7,19.4,0.4,0
0.020245399,4,0,1.1,25,0,52,1.2,1,0.756,0.8,2.1,0.1,0.465,1,0.9,0.1,-0.3,0.2,1.9,21.3,0.5,0
0.012500405,5.3,1,2.4,24,0,72,0.7,0,0.664,0.2,0.9,1.1,0.586,0,1.9,3.1,0.4,1.2,9.6,9.1,5.5,0
0.013852418,6.6,1,2.7,25,0,78,0.9,0,0.753,0.4,1.6,1.4,0.539,0,2.4,4.2,1,1.2,7.5,12.7,5.3,0
0.076687117,5.9,0,3.4,26,0,79,0.9,0,0.79,0.4,2.1,2.1,0.559,0,1.6,3.6,1.4,1.1,5.7,13.9,6.9,0
0.024972733,7.1,1,1.8,22,0,70,0.8,1,0.667,0.3,0.7,1.1,0.51,0,2.1,2.1,-0.3,1.6,12.4,7.9,5.6,0
0.009687714,3.5,1,1,23,0,62,0.9,1,0.701,0.6,1.7,0.1,0.484,1,1.1,0.2,-0.7,0.3,2.6,20,0.7,0
0.012964606,3.6,1,0.9,24,0,73,0.3,1,0.727,0.3,1,0.1,0.467,1,0.5,0.7,-0.6,0.4,3.7,12.2,0.5,0
0.01401244,3,1,0.7,25,0,53,0.6,1,0.686,0.5,0.8,0.1,0.496,1,0.7,0.3,-0.2,0.3,3.3,14.1,0.6,0
0.01484893,5.6,0,1.1,26,0,75,1,1,0.726,0.6,2.1,0.1,0.487,1,1.6,0.5,-0.9,0.5,3,16.9,0.4,0
0.014569819,3,0,0.8,27,0,71,0.3,1,0.791,0.5,0.6,0.1,0.465,0,0.6,0.9,0,0.3,2.6,7.4,0.7,0
0.018474438,10.4,0,2.1,23,0,78,1.1,0,0.839,0.9,2,0.2,0.588,0,1.8,6.1,2.5,0.6,2.9,12.7,0.5,0
0.042199868,10.8,1,3.3,20,0,78,1.8,1,0.727,0.9,1.3,0.9,0.497,0,2.7,0.5,-0.1,1.2,5.3,8,2.7,0
0.059537832,15.3,1,2.7,20,0,82,3.3,1,0.815,1.3,5.3,0.2,0.489,1,5.2,1.9,0.7,2.2,7.6,27.5,0.4,0
0.008661859,7.6,1,3.2,23,0,61,0.9,1,0.752,0.6,1,0.1,0.548,0,2.4,3.1,0.3,1.7,9.3,6.8,0.3,1
0.012500405,12.1,1,3.9,24,0,73,1.4,1,0.811,0.7,1.6,0.2,0.534,0,3.2,4.2,0.3,1.7,6.4,9.2,0.4,1
0.013852418,12.6,1,4.2,25,0,82,1.2,1,0.83,0.8,1.8,0.1,0.539,0,2.8,4.8,1.1,1.6,6.1,9.6,0.3,1
0.007767347,2.4,1,0.7,22,0,27,0.6,1,0.6,0.1,0,0.3,0.597,0,1.5,0.2,-0.2,0.4,6.8,0.9,2.9,0
0.012357649,2.5,1,0.9,23,0,60,0.4,1,0.671,0.2,0.2,0.5,0.565,0,1.4,1.1,-0.2,0.9,11.4,4,4.3,1
0.016574318,3.2,0,1.1,24,0,45,0.5,1,0.597,0.2,0.2,0.7,0.569,0,1.6,1,-0.1,1,12.4,2.5,5.7,0
0.036461112,8.2,1,4.9,23,0,72,1.6,0,0.601,0.6,0.5,1.7,0.543,0,2.1,3.9,-0.1,2.6,11.6,3.3,5.3,0
0.178118133,10.7,0,6,25,0,82,2,0,0.746,0.6,0.8,1.9,0.581,0,2.7,6.2,0.9,2.9,11.3,4.2,4.8,0
0.184253101,10.5,0,6.6,26,0,82,1.9,0,0.707,0.5,0.5,2.3,0.556,0,3.2,6.9,0.7,3.7,13.1,2.5,5.6,0
0.076397627,7.4,0,1.8,24,0,51,1.1,0,0.688,0.6,1.6,0.1,0.434,0,1.5,0.2,-0.9,0.7,3.3,11.2,0.4,0
0.076687117,4.6,0,1.5,25,0,66,0.7,0,0.463,0.3,1.1,0.2,0.51,0,0.8,1.7,0,0.5,3.6,10.5,1.2,0
0.019303396,2.9,0,1.4,20,0,35,0.4,0,0.947,0.3,1.5,0.1,0.403,0,0.5,0.2,-0.2,0.4,3.7,19.5,0.4,0
0.018392727,3.9,0,1.5,21,0,82,0.6,0,0.885,0.6,1.7,0,0.479,1,0.6,2,-0.1,0.4,2.7,14.1,0.2,0
0.018329162,4.3,0,1.1,22,0,73,0.4,0,0.878,0.6,0.9,0,0.54,0,0.7,1.8,0.2,0.4,3.5,10.3,0.1,0
0.031582797,8.8,0,1.9,23,0,72,0.7,0,0.835,0.5,1,0.1,0.605,0,1.3,3.6,1,0.3,1.7,8.7,0.3,0
0.025464677,5.6,0,2.8,21,0,73,1,1,0.609,0.4,0.4,1.5,0.563,0,1.8,2.5,-0.1,1.6,10.4,3.7,6.5,0
0.033864242,9.5,1,1.5,20,0,68,1.7,1,0.743,1,3.6,0.1,0.491,1,2.6,0.6,-0.3,0.3,1.4,26.5,0.3,0
0.033747248,6.1,1,1.2,21,0,78,1.3,1,0.818,0.6,2.8,0.1,0.458,1,1.4,0.5,-0.9,0.2,1.3,22.7,0.5,0
0.046061945,9.3,1,2,22,0,60,1.9,1,0.743,1,5.9,0.2,0.462,1,1.8,0.7,-0.6,0.3,0.9,27.7,0.5,0
0.017163828,3.7,0,1.1,20,0,67,1.1,0,0.808,0.5,3.3,0,0.493,1,0.4,0.9,0.2,0.3,2.8,41.9,0.2,0
0.01468632,2.5,0,0.6,21,0,72,0.7,0,0.658,0.3,1.7,0,0.423,1,0.5,-0.2,-0.3,0.2,2.4,31.2,0,0
0.017873211,4.5,0,1.1,22,0,80,1.5,0,0.792,0.7,3.6,0,0.491,1,1,1.7,0.2,0.5,4.3,35.6,0.1,0
0.073225484,9.9,1,3.2,26,0,80,0.9,1,0.789,1.1,1.6,1,0.555,0,2.9,7.8,2.8,2,7.6,8.3,2.4,0
0.099050505,10.1,0,3.3,27,0,81,1.1,1,0.707,1.1,1.7,1.4,0.574,0,2.6,9.1,3.3,2,7.1,8.2,3.2,0
0.101501835,10.1,0,3.3,28,0,82,0.9,1,0.779,1,2.1,0.7,0.589,0,1.4,9,3.2,0.8,2.6,9.2,1.5,0
0.105763077,9.3,0,3.5,29,0,80,1,1,0.743,1,1.9,1.1,0.561,0,1.3,8.2,2.9,1.6,5.2,8,2.3,0
0.109899455,7.3,0,3.9,30,0,60,0.8,1,0.821,0.8,2.3,0.9,0.568,0,1.1,5.2,2,0.9,3.1,10,1.9,0
0.018279477,3.2,1,0.7,21,0,23,0.6,1,0.714,0.3,0.4,0.1,0.455,0,0.6,0.1,-0.2,0.3,3.4,8.1,1.2,0
0.01876901,5.4,1,0.7,22,0,21,1.1,1,0.586,0.5,0.8,0.1,0.411,0,1.4,-0.5,-0.4,0.3,2.8,12.8,1,0
0.069018464,7.4,0,2.2,19,0,30,2.5,1,0.746,1.1,5,0.4,0.461,1,2,0.1,-0.1,0.7,3.3,29.9,1,0
0.008055798,2.3,0,1.4,22,0,57,0.4,1,0.606,0.3,0.3,0.2,0.511,0,1.2,1.1,-0.1,1,13.2,5.9,1.9,1
0.018819987,4.5,0,2.7,23,0,13,0.7,1,0.545,0.5,0.3,0.8,0.503,0,1.7,0.4,0.1,1.5,12.8,3.7,4.3,1
0.019413985,0.9,0,0.2,24,0,9,0.2,1,0,0.1,0.3,0.3,0.286,0,0,0,0,1,39.2,17.8,8.9,1
0.01408093,1.8,0,0.8,25,0,10,0.6,1,0.25,0,0,0.1,0.61,0,0.4,0,0,1,33,0,2.1,1
0.28105767,19.4,0,8.4,26,0,81,1.5,1,0.833,2,1.9,1.5,0.556,0,3.4,12.5,5.1,2.9,8.4,7.5,2.5,1
0.295523998,15.4,0,8,29,0,63,1.4,1,0.707,2,2.2,1.3,0.57,0,2.4,7.4,3.1,2.2,7.1,9.4,2.5,1
0.025741225,3.9,1,1.1,20,0,46,0.5,1,0.55,0.1,0.5,0.2,0.533,0,0.4,0.7,-0.1,0.7,6.7,6.7,1.1,0
0.026431062,6.7,1,1.9,21,0,65,0.9,1,0.717,0.4,0.9,0.4,0.522,0,1.6,1.4,0,0.8,6,9.8,2,0
0.026805726,2.8,1,1.8,22,0,15,0.3,1,0.818,0.1,0.1,0.6,0.345,0,0.7,0,-0.2,1.3,13,1.7,3.9,0
0.05557241,5.5,1,3.8,23,0,81,1.2,1,0.764,0.6,0.5,0.5,0.518,0,1.8,2.2,-0.5,1.6,10.3,4.8,2,1
0.05705986,4,1,2.1,24,0,64,0.5,1,0.676,0.3,0.3,0.3,0.494,0,1.6,1.2,-0.3,1.1,10.4,3.8,2.1,1
0.057869121,4.1,1,2.3,25,0,45,0.8,1,0.73,0.5,0.3,0.4,0.503,0,1.4,0.5,-0.2,1.1,10.9,3.8,2.7,1
0.015055515,11.5,0,2.9,24,0,82,1.8,1,0.694,1.7,3.7,0.2,0.548,1,2.2,5.8,1.5,0.5,1.6,17.3,0.4,0
0.015020457,11.1,0,2,25,0,82,1.9,1,0.646,1.5,2.8,0.1,0.526,1,2.1,2.3,0,0.5,2.2,14.6,0.3,0
0.012703491,3.3,0,1.5,22,0,58,0.4,1,0.787,0.2,0.2,0.7,0.587,0,1.3,1.6,-0.2,0.8,8.7,2.7,4.9,1
0.013592042,3,0,1.4,24,0,63,0.4,1,0.716,0.1,0.2,0.5,0.655,0,1.2,1.9,-0.1,0.8,9.1,3.4,3.9,0
0.007534322,1.6,0,0.3,22,0,12,0.5,1,0.375,0.1,0.3,0,0.333,0,0.7,-0.3,-0.2,0,0,8.7,0,0
0.036465936,4.7,1,2.3,19,0,71,0.8,1,0.655,0.2,0.6,0.6,0.486,0,0.8,0.6,-0.5,1,8.8,7.7,3.3,0
0.000982424,2.6,0,1,23,0,22,0.6,1,0.933,0.2,0.3,0.1,0.479,0,0.7,0,-0.2,0.2,3.4,6.9,0.9,0
0.004878216,3.2,0,1.1,24,0,14,0.9,1,0.889,0.3,0.4,0.1,0.512,0,0.6,-0.1,-0.2,0.4,4.4,4.9,0.5,0
0.013852418,4,0,0.8,25,0,22,0.5,1,0.75,0.2,0.4,0,0.669,0,0.7,0.4,0.2,0.2,3.3,13.5,0.6,0
0.01408093,5.4,0,1.4,26,0,52,0.9,1,0.806,0.2,0.6,0.1,0.498,0,1.2,0,-0.7,0.4,3.4,7.3,0.4,0
0.113333333,16.4,0,3.3,27,0,81,2.5,1,0.786,1.3,2.8,0.5,0.512,0,4.2,4.4,1.4,0.6,2,14.2,1.1,0
0.115178319,15.5,0,2.1,28,0,75,2.4,1,0.813,1.1,3.8,0.5,0.54,0,4,4.1,0.9,0.8,2.7,18.8,1,0
0.119180298,20.1,0,3.4,29,0,73,2.7,1,0.832,1.3,4.1,0.4,0.536,0,5.1,4.6,1.3,0.9,2.4,15.2,0.7,0
0.121676892,20.7,0,3.9,30,0,59,3.9,1,0.826,1.5,6.5,0.5,0.53,0,6,2.2,1,1.2,3.3,25.6,0.9,0
0.014133713,4.3,1,1.2,24,0,44,0.9,1,0.805,0.3,1.6,0,0.468,1,0.9,0.3,-0.3,0.4,3,16.2,0,0
0.02020202,8.2,0,1.8,25,0,68,1.2,1,0.791,0.6,4.5,0.1,0.549,1,1.3,2.8,0.4,0.4,1.7,29,0.2,0
0.076397627,8.5,0,2,27,0,81,1.4,1,0.766,0.7,5.1,0,0.518,1,0.8,3.8,0.9,0.4,1.5,27.1,0.1,0
0.072426721,11,0,2.1,28,0,69,1.6,1,0.84,1,5,0.1,0.557,1,1.1,5.8,1.9,0.4,1.6,25.1,0.1,0
0.28105767,21.3,0,4.2,27,0,78,4.1,1,0.823,1.4,7,0.4,0.521,1,7.8,6.2,2.4,1.6,4.8,31.6,0.7,0
0.283617201,11.3,0,2.8,29,0,44,2.3,1,0.829,0.9,3.9,0.3,0.57,0,4.8,2.9,0.9,0.8,3.2,22.4,0.8,0
0.012357649,3.9,1,0.9,24,0,35,0.1,1,0.75,0.1,0.2,0.1,0.651,0,0.1,1.1,0.4,0.1,1.7,3.9,0.8,0
0.013592042,6.9,1,1.5,25,0,71,0.3,1,0.913,0.3,0.6,0.1,0.606,0,0.3,2.2,0.5,0.3,1.8,5.8,0.3,1
0.136610554,10.1,0,3,25,0,60,1.5,1,0.758,0.7,0.7,1.5,0.517,0,3.7,2.9,0.2,1.5,8.7,6.2,5.7,1
0.101010101,8.9,0,2.8,26,0,66,1.4,1,0.651,0.6,0.4,0.8,0.533,0,3.2,2.5,-0.2,1.6,9.1,3.6,3,0
0.101627929,7.8,0,3.1,27,0,54,1.3,1,0.724,0.6,0.3,1.1,0.517,0,2.5,1,-0.5,1.6,9.9,2.8,4.6,0
0.104260291,6.1,0,2.4,28,0,56,0.9,1,0.67,0.3,0.5,1,0.548,0,1.9,1.4,-0.2,1.1,8.5,5.1,4.8,1
0.105657805,3.3,0,1.6,29,0,19,0.8,1,0.5,0.2,0.2,0.4,0.46,0,1.4,-0.1,-0.4,0.8,10.4,2.4,3.3,1
0.046526061,12.2,1,3.4,22,0,72,3,1,0.754,1.4,6.6,0.1,0.489,1,3.4,2.5,0.5,0.9,2.9,29.8,0.2,0
0.143807298,12.1,0,1.5,24,0,51,2,1,0.88,1.1,6.1,0,0.533,1,2.5,3.3,1.4,0.5,2.3,44.4,0,0
0.136332652,14.9,0,2.7,25,0,74,2.4,1,0.872,1.2,5.3,0.2,0.533,1,3.8,4.3,1.3,0.8,2.9,27.6,0.5,0
0.003946306,3.6,0,0.8,23,0,11,0.3,1,0.833,0.3,0.2,0,0.492,0,0.5,0,0,0.3,3.5,3.4,0,0
0.023682699,14.7,1,3.7,24,0,82,1.6,1,0.807,0.7,3,0.9,0.556,0,3.3,9.4,3.1,1.6,5.2,14.5,1.8,0
0.035618485,14.1,1,3,25,0,82,1.1,1,0.765,0.8,2.3,0.5,0.524,0,2.9,7,1.7,1.3,4.2,10.8,1,0
0.155952184,13.2,0,3.5,27,0,82,1.1,1,0.768,0.5,3.3,0.4,0.516,0,2.9,7.5,2.5,1.3,4.8,16.5,1,0
0.161895024,14.2,0,4.2,28,0,82,1.2,1,0.778,0.5,3.1,0.6,0.516,0,3,6.2,2.5,1.6,4.9,13.8,1.3,0
0.031604027,3.6,1,1.7,22,0,71,0.8,0,0.511,0.5,0.8,0.2,0.464,0,0.6,0.8,-0.1,0.5,4.6,10.7,1,0
0.032449398,6.7,1,3,23,0,69,1.3,0,0.721,0.9,1.9,0.4,0.497,0,1.5,1.5,0.4,0.7,3.8,14.3,1.6,0
0.03291002,5.9,1,2.8,24,0,66,1,0,0.836,1.1,1.7,0.7,0.5,0,1.1,2.2,1,0.8,4.2,11.4,2.3,0
0.032908862,8.2,1,2.6,19,0,74,0.9,1,0.738,1,0.8,0.1,0.57,0,1.4,4.5,1,1.6,9.1,6.2,0.4,1
0.033539877,15.3,1,3.2,20,0,75,1.6,1,0.735,1.3,1.1,0.3,0.549,0,2.5,5.5,1.2,1.9,6.4,5.8,0.7,1
0.020558924,6.4,1,1.8,23,0,77,1,1,0.737,1,0.8,0.3,0.542,0,2,2.7,0.7,1.1,8,8.2,1.4,0
0.019589818,7.2,1,1.5,24,0,51,1.3,1,0.746,1,1.3,0.4,0.554,1,2.6,1.7,0.1,0.6,4.1,11.2,1.4,0
0.019521596,11.5,1,2.7,25,0,33,2.3,1,0.784,1.5,1.7,0.4,0.596,0,4.1,1.9,0.6,1.1,5.1,12.5,1.2,0
0.033581539,6.6,1,1.8,26,0,75,1.5,1,0.762,0.8,1.5,0.3,0.527,0,2.4,2.7,0.1,0.5,3.1,13.1,1.3,0
0.042603954,7.8,0,1.8,27,0,46,1.7,1,0.725,1.2,1.4,0.5,0.541,0,2.4,1.6,0.5,0.5,3.2,12,2.1,0
0.16969697,18.9,0,2.8,23,1,80,3.1,0,0.707,1,5.8,0.1,0.584,1,4.5,9.6,3.3,0.5,1.7,32.2,0.1,0
0.188747079,18.8,0,2.8,25,1,69,2.4,0,0.715,0.8,6,0.1,0.542,1,5,7,2.6,0.4,1.6,34.1,0.3,0
0.196830266,22,0,2.7,26,1,72,2.6,0,0.782,0.9,6.9,0.1,0.556,1,5,8.6,3.5,0.4,1.3,40.1,0.1,0
0.023059038,5.4,1,1.4,20,0,59,0.7,1,0.653,0.5,0.6,0.7,0.532,0,1.3,1.4,0.2,0.7,6.1,7.8,3.6,0
0.021861818,5.8,1,2,21,0,69,0.5,1,0.697,0.4,0.5,0.7,0.491,0,1.3,0.9,-0.1,0.7,4.9,5.2,3,1
0.068166326,12.8,0,3.2,24,1,81,1.2,1,0.723,0.6,1,0.7,0.541,0,3,5.3,1.2,0.9,3.8,6.3,2,0
0.099156599,6.6,0,1.7,25,0,82,0.8,1,0.789,0.4,1.6,0.4,0.515,0,1.4,2.7,-0.4,1,4.6,9.4,1,0
0.081866943,6.7,0,2.1,27,0,76,1.1,1,0.783,0.3,2.7,0.3,0.529,0,1.2,2.6,0,1.1,4.6,14,0.9,0
0.074130879,3.7,0,1.8,29,0,53,0.6,1,0.8,0.4,1,0.3,0.48,0,0.5,0.7,-0.4,0.9,5.4,7.1,1.2,0
0.008782243,5.9,1,1.9,19,0,80,0.9,1,0.695,0.9,1.1,0.2,0.503,0,2.2,2.1,0.5,1.1,7.5,9.8,1,0
0.013778808,4.6,1,2.5,20,0,57,1.1,1,0.606,1,1.1,0.2,0.468,0,2.2,0.9,0.3,1.4,9.6,9.8,0.9,0
0.055725328,5.5,0,2.2,22,1,35,0.7,1,0.653,0.9,1.3,0.3,0.568,0,2.1,1.8,0.7,0.9,6.4,11.8,1.5,0
0.052828903,8.9,0,2.9,23,1,82,1.1,1,0.71,1.7,1.8,0.3,0.544,0,2.1,6.1,2.3,1.4,6.4,10.4,0.9,0
0.003191172,1,0,0.3,24,0,4,0.3,1,1,0,0,0,0.296,0,1,-0.1,-0.1,0,0,0,0,0
0.148789475,14,0,7.4,25,0,74,1.5,1,0.787,0.6,1.4,0.4,0.529,0,4.3,6.5,1.1,2.6,8.4,6.7,0.8,1
0.155937028,10.3,0,4.6,26,0,68,1.1,1,0.745,0.7,1.9,0.6,0.541,0,2.1,4.5,1.1,1.5,6,10.9,1.7,1
0.172579823,14.3,0,9.8,28,0,73,1.6,1,0.826,0.8,2.4,0.5,0.614,0,2.5,8.5,3.3,2,6.4,10.4,1,1
0.06136746,5.2,1,2.5,20,0,72,1.3,1,0.606,0.6,0.6,1.1,0.521,0,2.4,2.2,0.2,1.2,10.6,6.6,6.2,1
0.063011325,6.8,1,3.2,21,0,74,1,1,0.741,0.6,1.2,1,0.486,0,2.4,2.4,0.5,1.4,8.4,11,4.2,1
0.109439298,8,1,6.4,22,0,80,1.5,1,0.673,0.9,0.8,1.8,0.565,0,4.2,8.3,2.1,3.3,13.4,4.8,4.8,0
0.181818182,5.3,0,5.7,23,0,79,1.6,1,0.503,0.5,1,1.3,0.567,0,2.4,5.4,0.9,3.4,14.4,5.6,3.8,0
0.172202879,9.5,0,8,24,0,73,1.7,1,0.527,0.5,0.9,1.8,0.62,0,2.8,7.9,1.6,4.4,14.3,4.1,4.1,0
0.184253101,11.8,0,7.7,25,0,79,1.7,1,0.593,0.6,1,1.1,0.632,0,3.7,10,1.7,4.1,13.2,4.4,2.4,0
0.19342195,8.8,0,5.1,26,0,45,1.6,1,0.579,0.3,0.5,1.2,0.581,0,3,3.4,-0.2,3.6,13.7,2.4,3.3,0
0.014133713,10.9,1,6.1,24,0,80,1.4,1,0.791,0.8,1.4,0.5,0.588,0,2.8,9.2,1.6,3,10.9,6.3,1.1,1
0.101010101,9.3,0,5.8,25,0,81,1,1,0.789,0.6,1.2,0.2,0.558,0,2.5,7,0.9,2.1,8.2,5.9,0.5,1
0.103980427,10.7,0,5.9,26,0,79,1.4,1,0.68,0.6,1.2,0.3,0.523,0,2.6,5.1,-0.2,2.4,9.2,6.6,0.8,1
0.112048398,10.6,0,6,28,0,75,1.1,1,0.753,0.6,1.1,0.3,0.553,0,2.3,5.7,-0.2,2.3,7.8,5.3,0.8,1
0.052450057,11.8,1,3.8,24,0,63,1.3,0,0.786,0.9,1.4,0.5,0.533,0,1.6,3.7,1.5,0.8,3.4,7.9,1.3,1
0.063962727,9.8,0,3.8,25,0,77,1.2,0,0.816,0.8,1.8,0.4,0.545,0,1.5,3.8,1.2,0.8,3.9,10.9,1.1,1
0.098146231,6.6,0,2.3,26,0,55,1.3,0,0.726,0.5,1.2,0.3,0.518,0,1.3,0.8,-0.2,1,6.3,10.5,1.4,1
0.101243933,8.4,0,2.4,27,0,65,1.1,0,0.8,0.7,1.9,0.2,0.583,0,1,3.5,0.8,0.9,4.4,12.1,0.6,0
0.103091343,6.9,0,2.3,28,0,78,1.3,0,0.741,0.6,1,0.2,0.549,0,0.7,1.9,0.5,0.6,3.8,8.9,0.8,0
0.008055798,1.3,0,0.2,20,0,16,0.1,1,0.75,0.2,0.3,0,0.241,0,0.5,-0.3,-0.2,0.3,8.1,8.2,0,0
0.205151584,15.5,0,2.7,27,0,81,1.6,0,0.855,0.5,2.4,0.2,0.595,0,3.8,7.3,1.8,1,3.8,12.7,0.5,0
0.202020202,19,0,3.3,28,0,72,1.9,0,0.897,0.6,3,0.3,0.595,0,4.3,8,2.5,1.1,3.5,14.1,0.5,0
0.221605345,15,0,2.6,29,0,32,1.7,0,0.897,0.6,1.7,0.1,0.54,0,3.9,1.6,0.1,0.5,2.1,11.3,0.3,0
0.229642279,11.5,0,2.4,30,0,75,1,0,0.851,0.3,1.4,0.2,0.539,0,2.3,2.9,0.7,0.5,2.2,10.1,0.5,0
0.234747785,7,0,2.6,31,0,74,0.7,0,0.849,0.4,1.1,0.1,0.581,0,1.4,4.5,0.8,0.6,3.5,8.3,0.5,0
0.012125375,7.2,0,1,26,0,57,1.3,1,0.798,0.6,2.8,0,0.52,1,2.1,1.3,0.4,0.3,2.8,35.3,0.2,0
0.014133713,7.7,1,1.9,23,0,57,1.3,1,0.776,0.6,1.8,0.1,0.457,0,2.2,0.1,-0.6,0.4,2.3,15.7,0.4,0
0.055617473,12.4,0,2,26,0,74,1.5,1,0.757,0.7,2,0.3,0.492,0,2,2.1,0.2,0.4,1.9,13.2,0.9,0
0.057736878,8.5,0,1.2,27,0,81,0.8,1,0.729,0.7,2,0.2,0.493,0,1,2.3,0,0.4,1.9,14.4,0.6,0
0.019623225,7.3,1,2.5,20,0,35,0.8,1,0.63,0.4,0.9,0.5,0.48,0,1.5,0.5,-0.3,1.1,6.1,8.1,1.8,0
0.019997955,14.4,1,4.3,21,0,82,1.7,1,0.795,0.9,2.1,0.9,0.515,0,2.6,3.1,0.7,1.1,3.5,9.9,2,0
0.007767347,4.4,0,1.3,24,0,64,0.6,0,0.66,0.5,0.9,0.1,0.45,0,0.8,0.5,-0.6,0.4,2.6,6.5,0.4,0
0.012357649,2.8,0,0.7,25,0,54,0.3,0,0.71,0.1,0.7,0.1,0.518,0,0.6,0.7,-0.2,0.4,4.7,9.3,0.4,0
0.014911384,3.4,0,0.9,26,0,63,0.3,0,0.526,0.2,0.4,0.1,0.473,0,0.3,0.5,-0.5,0.4,3.6,4.7,0.6,0
0.101136996,18.3,1,5.8,24,0,80,2.5,0,0.783,0.4,0.8,2,0.614,0,6.2,10.7,2.8,2.6,10.2,5,5.1,0
0.113028404,22.3,1,7.6,25,0,57,2.6,0,0.853,0.5,1.5,1.6,0.592,0,6.9,8.6,3.2,2.6,9.1,9.8,3.9,0
0.234402936,25,0,7.3,26,0,48,3.5,0,0.862,0.4,2,2,0.601,0,8.6,7.4,2.8,2.1,7.2,12.3,4.5,0
0.247398436,22,0,7.7,27,0,55,3.3,0,0.85,0.5,2.3,2,0.587,0,7.4,8.3,2.8,3.1,9.6,11.5,4,0
0.256826005,19.7,0,7.2,28,0,77,3,0,0.866,0.4,1.8,1.9,0.618,0,5.7,10.6,3.3,2.6,9.6,10,4.2,0
0.050887526,8.6,1,4.2,21,0,61,1.1,0,0.772,0.5,1,0.6,0.474,0,2,0.7,-0.7,1.1,5.5,7,2.1,1
0.034289309,18.9,1,6.5,23,0,46,2.4,1,0.815,0.7,1.9,0.4,0.511,0,5.5,3.1,0.5,3.1,10.7,10.2,0.8,1
0.215488222,18,0,5.4,24,0,74,2.2,1,0.714,0.8,1.9,0.2,0.483,0,4.6,1.3,0,2.6,9,11.4,0.4,1
0.225839842,23.6,0,7.2,25,0,68,3.2,1,0.819,0.8,2.2,0.2,0.537,0,7.1,5.7,2.2,2.9,10,12.8,0.5,1
0.239678824,17.6,0,7.6,26,0,69,2.7,1,0.772,0.9,2,0.2,0.513,0,4.2,3,0.8,2.7,9.1,11.8,0.6,0
0.2499432,20.8,0,6.9,27,0,50,2.3,1,0.734,0.9,2.1,0.3,0.531,0,4.9,3,0.9,3.1,9.9,11.5,0.7,0
0.080808081,11.7,0,4.5,21,0,78,2.3,0,0.735,1.1,1.7,0.5,0.53,0,5.2,3.9,-0.1,3.4,12.6,8.5,1.2,0
0.075279947,12.2,0,4.2,22,0,72,2.3,0,0.786,1.1,1.5,0.5,0.562,0,5.2,4.8,0.6,2.8,11.7,9.2,1.4,0
0.071903649,5.2,0,2.6,23,0,62,1.1,0,0.706,0.4,0.6,0.2,0.515,0,2.5,1.1,-0.7,1.4,11,6,1,0
0.068166326,6.2,0,3.4,24,0,77,1.2,0,0.709,0.5,0.7,0.3,0.571,0,3,3.9,-0.2,2.2,13.8,6,1.4,0
